dataset,target,model,kind,n_excluded_single_class,n_subjects,ba_mean,ba_sd,t95_low,t95_high,chance,p_wilcoxon,p_holm
deap,arousal,deep_convnet,deep,0,32,0.5100619289979371,0.0167979035724454,0.5040056389299462,0.516118219065928,0.5,0.0017160577699542,0.043156623840332
deap,arousal,eegconformer,deep,0,32,0.5071264339327117,0.0212626152023701,0.4994604436670657,0.5147924241983577,0.5,0.0118385702371597,0.260448545217514
deap,arousal,eegnet,deep,0,32,0.5089915784208792,0.0222589214132498,0.5009663814611595,0.5170167753805989,0.5,0.0533774346113204,0.940740253776312
deap,arousal,shallow_convnet,deep,0,32,0.5075662686679698,0.0260487607619112,0.4981746889148502,0.5169578484210894,0.5,0.0327208992093801,0.6216970849782228
deap,arousal,tsception,deep,0,32,0.5077458465783642,0.0183333098650311,0.5011359835100275,0.5143557096467009,0.5,0.022786711808294,0.4557342361658811
deap,valence,deep_convnet,deep,0,32,0.5034870997848695,0.0120261329689385,0.499151216480027,0.507822983089712,0.5,0.1106480555608868,1.0
deap,valence,eegconformer,deep,0,32,0.5107311404272862,0.0271709335126973,0.5009349742532573,0.5205273066013151,0.5,0.0072908997535705,0.1749815940856933
deap,valence,eegnet,deep,0,32,0.5079699272037856,0.0338538481689398,0.4957643133577137,0.5201755410498576,0.5,0.1141766738146543,1.0
deap,valence,shallow_convnet,deep,0,32,0.5096888551286898,0.026853052878977,0.500007297144695,0.5193704131126845,0.5,0.0522633474320173,0.940740253776312
deap,valence,tsception,deep,0,32,0.5186360339229186,0.029256454460574,0.5080879572650164,0.5291841105808207,0.5,0.0003345464356243,0.0093673001974821
dreamer,arousal,deep_convnet,deep,0,23,0.4989005854359939,0.0376959475728014,0.4825996353170551,0.5152015355549328,0.5,0.8229274749755859,1.0
dreamer,arousal,eegconformer,deep,0,23,0.5032316758792973,0.0154392752384153,0.496555232607831,0.5099081191507635,0.5,0.322265625,1.0
dreamer,arousal,eegnet,deep,0,23,0.5221617327200219,0.0561592073399274,0.4978766703588937,0.54644679508115,0.5,0.0605182647705078,0.968292236328125
dreamer,arousal,shallow_convnet,deep,0,23,0.513765861967037,0.056444700961649,0.4893573429060083,0.5381743810280656,0.5,0.3603911399841308,1.0
dreamer,arousal,tsception,deep,0,23,0.528696155163589,0.0514167529345266,0.5064618838736888,0.5509304264534892,0.5,0.0101091861724853,0.232511281967163
dreamer,valence,deep_convnet,deep,0,23,0.5197919533272525,0.0269023615980225,0.5081584997937105,0.5314254068607944,0.5,0.001659870147705,0.043156623840332
dreamer,valence,eegconformer,deep,0,23,0.5241552049579614,0.0499817124745211,0.5025414916978609,0.545768918218062,0.5,0.013092041015625,0.274932861328125
dreamer,valence,eegnet,deep,0,23,0.5538341310912266,0.0567847140785878,0.5292785793326301,0.5783896828498231,0.5,0.0001065731048583,0.0031971931457519
dreamer,valence,shallow_convnet,deep,0,23,0.5521730361975385,0.0539728910669713,0.5288334078897885,0.5755126645052886,0.5,7.319450378417969e-05,0.0022690296173095
dreamer,valence,tsception,deep,0,23,0.5560639815605417,0.0567818159263598,0.5315096830569488,0.5806182800641346,0.5,4.935264587402344e-05,0.0018754005432128
seed_iv,emotion,deep_convnet,deep,0,15,0.2738049682328697,0.0223489048880506,0.2614285572316784,0.286181379234061,0.25,0.0008544921875,0.0230712890625
seed_iv,emotion,eegconformer,deep,0,15,0.2887694987168069,0.019538675249506,0.2779493410170001,0.2995896564166137,0.25,6.103515625e-05,0.00225830078125
seed_iv,emotion,eegnet,deep,0,15,0.3406581665821566,0.0421035469980447,0.3173419994202305,0.3639743337440826,0.25,6.103515625e-05,0.00225830078125
seed_iv,emotion,shallow_convnet,deep,0,15,0.3834327508468126,0.0583367020009663,0.3511269620829072,0.4157385396107181,0.25,6.103515625e-05,0.00225830078125
seed_iv,emotion,tsception,deep,0,15,0.3508442958126173,0.0401715161410707,0.3285980516770172,0.3730905399482174,0.25,6.103515625e-05,0.00225830078125
deap,arousal,alpha_logistic,classical,0,32,0.4994225524266754,0.0154940569518199,0.4938363491944984,0.5050087556588524,0.5,0.871207794174552,1.0
deap,arousal,spectral_logistic,classical,0,32,0.5054776963203225,0.0271716060857014,0.4956812876578671,0.5152741049827778,0.5,0.2687066495418548,1.0
deap,arousal,spectral_svm,classical,0,32,0.5051837468227169,0.0262298724573101,0.4957268693401925,0.5146406243052414,0.5,0.2369500696659088,1.0
deap,valence,alpha_logistic,classical,0,32,0.4981702069563665,0.0170980494673338,0.492005702753539,0.504334711159194,0.5,0.6701805889606476,1.0
deap,valence,spectral_logistic,classical,0,32,0.5110841604255484,0.0439967131883619,0.4952216537765636,0.5269466670745331,0.5,0.219833105802536,1.0
deap,valence,spectral_svm,classical,0,32,0.5124822990001372,0.043189072204104,0.4969109779774045,0.5280536200228699,0.5,0.1709060668945312,1.0
dreamer,arousal,alpha_logistic,classical,0,23,0.4869458658822694,0.055095054170935,0.4631209778593285,0.5107707539052103,0.5,0.481952428817749,1.0
dreamer,arousal,spectral_logistic,classical,0,23,0.5023409026503928,0.0586133094771832,0.476994606944515,0.5276871983562704,0.5,0.8229274749755859,1.0
dreamer,arousal,spectral_svm,classical,0,23,0.5014245506780124,0.055420901033301,0.4774587559053583,0.5253903454506664,0.5,0.7997725009918213,1.0
dreamer,valence,alpha_logistic,classical,0,23,0.5183697894845114,0.050753901753194,0.496422156540081,0.5403174224289418,0.5,0.1895422935485839,1.0
dreamer,valence,spectral_logistic,classical,0,23,0.5743938164011608,0.0559918871677948,0.5501811087082515,0.5986065240940701,0.5,7.867813110351562e-06,0.0003068447113037
dreamer,valence,spectral_svm,classical,0,23,0.5765977974281961,0.0567456118864599,0.5520591547254653,0.6011364401309268,0.5,1.1920928955078125e-06,4.76837158203125e-05
seed_iv,emotion,alpha_logistic,classical,0,15,0.2885351076411711,0.0357932057647776,0.268713490975204,0.3083567243071381,0.25,0.0001220703125,0.0035400390625
seed_iv,emotion,spectral_logistic,classical,0,15,0.3429452385447819,0.065339852870241,0.3067612340966782,0.3791292429928856,0.25,6.103515625e-05,0.00225830078125
seed_iv,emotion,spectral_svm,classical,0,15,0.3449074699890874,0.0664012647620065,0.3081356752273265,0.3816792647508483,0.25,6.103515625e-05,0.00225830078125
