dataset,query,space,split,n_units,ba,ba_min,ba_max,chance,ratio,n_classes
deap,subject_key,raw_spectral_all_subjects,within_class_groups,1,0.9995175363614844,,,0.03125,31.984561163567506,32.0
deap,stimulus_key,raw_spectral_all_subjects,subject_holdout,1,0.0287878787878787,,,0.025,1.1515151515151516,40.0
dreamer,subject_key,raw_spectral_all_subjects,within_class_groups,1,0.8697062589984969,,,0.0434782608695652,20.003243956965427,23.0
dreamer,stimulus_key,raw_spectral_all_subjects,subject_holdout,1,0.0708296941738514,,,0.0555555555555555,1.2749344951293262,18.0
seed_iv,subject_key,raw_spectral_all_subjects,within_class_groups,1,0.9955911851935548,,,0.0666666666666666,14.933867777903323,15.0
seed_iv,stimulus_key,raw_spectral_all_subjects,subject_holdout,1,0.0260873091974363,,,0.0138888888888888,1.8782862622154173,72.0
seed_iv,session_key,raw_spectral_all_subjects,within_class_groups,1,0.9576893129821346,,,0.3333333333333333,2.873067938946404,3.0
dreamer,stimulus_key,learned_per_network:deep_convnet,subject_holdout,23,0.0597481874078592,0.0449088259314467,0.0717935104717205,0.0555555555555555,1.0754673733414664,18.0
dreamer,stimulus_key,learned_per_network:eegnet,subject_holdout,23,0.0627974697003301,0.0353476547094842,0.0973768546205461,0.0555555555555555,1.130354454605944,18.0
dreamer,stimulus_key,learned_per_network:shallow_convnet,subject_holdout,23,0.063226588895233,0.0306883027076979,0.0888102750352646,0.0555555555555555,1.138078600114196,18.0
dreamer,stimulus_key,raw_spectral_per_network:deep_convnet,subject_holdout,23,0.0647255400317129,0.0389607041126973,0.1086639457532747,0.0555555555555555,1.1650597205708342,18.0
dreamer,stimulus_key,raw_spectral_per_network:eegnet,subject_holdout,23,0.0647255400317129,0.0389607041126973,0.1086639457532747,0.0555555555555555,1.1650597205708342,18.0
dreamer,stimulus_key,raw_spectral_per_network:shallow_convnet,subject_holdout,23,0.0647255400317129,0.0389607041126973,0.1086639457532747,0.0555555555555555,1.1650597205708342,18.0
dreamer,subject_key,learned_per_network:deep_convnet,within_class_groups,23,0.6384280084616885,0.563290055587363,0.681310795675068,0.2,3.1921400423084423,5.0
dreamer,subject_key,learned_per_network:eegnet,within_class_groups,23,0.6937420972815024,0.597413895905068,0.8206820080052706,0.2,3.468710486407512,5.0
dreamer,subject_key,learned_per_network:shallow_convnet,within_class_groups,23,0.7565330353529167,0.6824322503247705,0.8855738439429931,0.2,3.782665176764585,5.0
dreamer,subject_key,raw_spectral_per_network:deep_convnet,within_class_groups,23,0.9647781861473472,0.9338778374534442,0.9911876474119184,0.2,4.823890930736736,5.0
dreamer,subject_key,raw_spectral_per_network:eegnet,within_class_groups,23,0.9647781861473472,0.9338778374534442,0.9911876474119184,0.2,4.823890930736736,5.0
dreamer,subject_key,raw_spectral_per_network:shallow_convnet,within_class_groups,23,0.9647781861473472,0.9338778374534442,0.9911876474119184,0.2,4.823890930736736,5.0
seed_iv,session_key,learned_per_network:deep_convnet,within_class_groups,15,0.6663779339686463,0.5509148453993759,0.8228618356438613,0.3333333333333332,1.9991338019059388,3.0
seed_iv,session_key,learned_per_network:eegnet,within_class_groups,15,0.6741056047375396,0.5388817113765793,0.8077879414106865,0.3333333333333332,2.0223168142126187,3.0
seed_iv,session_key,learned_per_network:shallow_convnet,within_class_groups,15,0.7852046449986703,0.678952539714237,0.9210913650071734,0.3333333333333332,2.355613934996012,3.0
seed_iv,session_key,raw_spectral_per_network:deep_convnet,within_class_groups,15,0.9969720474378436,0.9915058704823528,0.9995489400090212,0.3333333333333332,2.99091614231353,3.0
seed_iv,session_key,raw_spectral_per_network:eegnet,within_class_groups,15,0.9969720474378436,0.9915058704823528,0.9995489400090212,0.3333333333333332,2.99091614231353,3.0
seed_iv,session_key,raw_spectral_per_network:shallow_convnet,within_class_groups,15,0.9969720474378436,0.9915058704823528,0.9995489400090212,0.3333333333333332,2.99091614231353,3.0
seed_iv,stimulus_key,learned_per_network:deep_convnet,subject_holdout,15,0.0216141638205682,0.0108312482241788,0.037420516727958,0.0138888888888888,1.5562197950809191,72.0
seed_iv,stimulus_key,learned_per_network:eegnet,subject_holdout,15,0.0176428664154852,0.0078914802116641,0.0292010749415751,0.0138888888888888,1.270286381914939,72.0
seed_iv,stimulus_key,learned_per_network:shallow_convnet,subject_holdout,15,0.0200273332454226,0.0139631450280528,0.0367701687775551,0.0138888888888888,1.4419679936704364,72.0
seed_iv,stimulus_key,raw_spectral_per_network:deep_convnet,subject_holdout,15,0.0180834413909043,0.0012783059351686,0.0383468537343828,0.0138888888888888,1.3020077801451169,72.0
seed_iv,stimulus_key,raw_spectral_per_network:eegnet,subject_holdout,15,0.0180834413909043,0.0012783059351686,0.0383468537343828,0.0138888888888888,1.3020077801451169,72.0
seed_iv,stimulus_key,raw_spectral_per_network:shallow_convnet,subject_holdout,15,0.0180834413909043,0.0012783059351686,0.0383468537343828,0.0138888888888888,1.3020077801451169,72.0
seed_iv,subject_key,learned_per_network:deep_convnet,within_class_groups,15,0.8445385837408048,0.7866178727839207,0.9123603817231756,0.3333333333333332,2.5336157512224147,3.0
seed_iv,subject_key,learned_per_network:eegnet,within_class_groups,15,0.8523220905743576,0.7568082546087064,0.9363580641547068,0.3333333333333332,2.556966271723073,3.0
seed_iv,subject_key,learned_per_network:shallow_convnet,within_class_groups,15,0.968786842299132,0.923271239359752,0.9916553993236586,0.3333333333333332,2.906360526897396,3.0
seed_iv,subject_key,raw_spectral_per_network:deep_convnet,within_class_groups,15,0.9989484146981324,0.9978401193654044,1.0,0.3333333333333332,2.996845244094397,3.0
seed_iv,subject_key,raw_spectral_per_network:eegnet,within_class_groups,15,0.9989484146981324,0.9978401193654044,1.0,0.3333333333333332,2.996845244094397,3.0
seed_iv,subject_key,raw_spectral_per_network:shallow_convnet,within_class_groups,15,0.9989484146981324,0.9978401193654044,1.0,0.3333333333333332,2.996845244094397,3.0
