dataset,target,model,segment_random_mean,segment_random_min,segment_random_max,segment_random_n,trial_within_subject_mean,trial_within_subject_min,trial_within_subject_max,trial_within_subject_n,strict_loso_mean,strict_loso_min,strict_loso_max,strict_loso_n,gap_segment_minus_trial,gap_trial_minus_loso,gap_segment_minus_loso
deap,arousal,alpha_logistic,0.5988893011920141,0.5950087999646836,0.6005663545656948,5,0.5810881233761388,0.5734770607272035,0.5911223344556678,5,0.4994225524266754,0.4489316239316239,0.5278559249786872,32,0.0178011778158753,0.0816655709494633,0.0994667487653386
deap,arousal,spectral_logistic,0.6266519820119226,0.6220544273442765,0.6307292434529179,5,0.5985492604679348,0.5864024079175594,0.6276745769305583,5,0.5054776963203224,0.4563131313131313,0.6166666666666667,32,0.0281027215439878,0.0930715641476124,0.1211742856916002
deap,arousal,spectral_svm,0.6271035164042502,0.6225068154956008,0.6318964985885906,5,0.5991288058912968,0.5863191632928475,0.628365104065357,5,0.5051837468227169,0.4568602693602693,0.6151041666666667,32,0.0279747105129534,0.0939450590685798,0.1219197695815332
deap,valence,alpha_logistic,0.5528332543163051,0.5510664006426718,0.5561127902229597,5,0.5323370609067519,0.5262484737484738,0.5381669211195929,5,0.4981702069563665,0.4370833333333332,0.5345268542199488,32,0.0204961934095532,0.0341668539503854,0.0546630473599386
deap,valence,spectral_logistic,0.6003260275506038,0.595532821698076,0.6044131833326749,5,0.5766355598560816,0.5661887382690303,0.5892175470200949,5,0.5110841604255484,0.4458333333333333,0.6608333333333334,32,0.0236904676945222,0.0655513994305332,0.0892418671250554
deap,valence,spectral_svm,0.6012640255225,0.5949694138253461,0.6058758214478553,5,0.5769769664826054,0.5666676889733996,0.5896110789422891,5,0.5124822990001372,0.4475,0.6608333333333334,32,0.0242870590398945,0.0644946674824682,0.0887817265223628
dreamer,arousal,alpha_logistic,0.5440266304237966,0.5406030207143112,0.5465977444935659,5,0.4402103310687278,0.4191592362544963,0.4644627088237251,5,0.4869458658822694,0.3386063219947389,0.5818181818181818,23,0.1038162993550687,-0.0467355348135415,0.0570807645415271
dreamer,arousal,spectral_logistic,0.6003921649258044,0.5975336684571712,0.6026446530564129,5,0.4931880681504525,0.4507865311938679,0.526699000518928,5,0.5023409026503929,0.3569104290301939,0.6204838080374562,23,0.1072040967753518,-0.0091528344999403,0.0980512622754115
dreamer,arousal,spectral_svm,0.6015169527675994,0.5987485533179224,0.6037091539721298,5,0.4949936531334671,0.4546082089811218,0.5281180508191969,5,0.5014245506780123,0.362024870981304,0.6147873585641825,23,0.1065232996341322,-0.0064308975445451,0.1000924020895871
dreamer,valence,alpha_logistic,0.5476865786223579,0.5415476416133697,0.5514364045914191,5,0.4954711335653898,0.4692170380525519,0.5401488650047748,5,0.5183697894845115,0.43259511641113,0.6389831892503335,23,0.0522154450569681,-0.0228986559191217,0.0293167891378464
dreamer,valence,spectral_logistic,0.6313702435895882,0.6296415345932114,0.6327502618339769,5,0.5486316830378752,0.5084858118789009,0.5783249437808896,5,0.5743938164011608,0.4861337431795176,0.6785182280192956,23,0.0827385605517129,-0.0257621333632855,0.0569764271884273
dreamer,valence,spectral_svm,0.6320826720336328,0.6305702200826719,0.6341741791552193,5,0.5486067138877928,0.5093980098599094,0.5789260137984644,5,0.5765977974281961,0.4914911942945771,0.6962120515216511,23,0.0834759581458399,-0.0279910835404032,0.0554848746054367
seed_iv,emotion,alpha_logistic,0.3530898557995461,0.3462852653970165,0.3604101146260006,5,0.2657853127338619,0.2527323465567431,0.2871480778165429,5,0.2885351076411712,0.2494793371291832,0.3921396539252965,15,0.0873045430656842,-0.0227497949073092,0.0645547481583749
seed_iv,emotion,spectral_logistic,0.5203828761497385,0.5126197494098746,0.5296321384642149,5,0.4147193530616602,0.387943010307718,0.4356601197463208,5,0.3429452385447818,0.272503912070185,0.5142398095624718,15,0.1056635230880783,0.0717741145168783,0.1774376376049567
seed_iv,emotion,spectral_svm,0.5188900229467042,0.5113962177510986,0.5303247134421906,5,0.4143079783630951,0.3893505459678885,0.4371493162031857,5,0.3449074699890874,0.2715079705638879,0.5110217374689807,15,0.104582044583609,0.0694005083740077,0.1739825529576167
