comparison,dataset,target,model,median_best_epoch,n_pairs,mean_a,mean_b,mean_diff,diff_t95_low,diff_t95_high,d_z,n_positive,p_wilcoxon,p_holm
early_stopping_minus_fixed5,dreamer,valence,deep_convnet,9.0,23,0.551252718897568,0.5197919533272525,0.0314607655703155,-0.0002814372416675,0.0632029683822986,0.4285983335739887,16,0.0979881286621093,0.783905029296875
early_stopping_minus_fixed5,dreamer,valence,eegconformer,9.0,23,0.5360169614149404,0.5241552049579614,0.0118617564569788,-0.00696840037139,0.0306919132853477,0.2724038990667877,14,0.1231880187988281,0.8623161315917969
early_stopping_minus_fixed5,dreamer,valence,eegnet,7.0,23,0.5511780528247852,0.5538341310912266,-0.0026560782664412,-0.0196898499390346,0.014377693406152,-0.0674292455413745,13,0.988100528717041,1.0
early_stopping_minus_fixed5,dreamer,valence,shallow_convnet,7.0,23,0.5682268838063801,0.5521730361975385,0.0160538476088414,-0.0107265761646198,0.0428342713823028,0.2592268274863702,12,0.3446848392486572,1.0
early_stopping_minus_fixed5,dreamer,valence,tsception,4.0,23,0.5630058282127908,0.5560639815605417,0.0069418466522489,-0.0037758993001668,0.0176595926046647,0.2800849743096035,16,0.0354313850402832,0.3188824653625488
early_stopping_minus_fixed5,seed_iv,emotion,deep_convnet,18.0,15,0.3126246105312256,0.2738049682328697,0.0388196422983559,0.0216487717907851,0.0559905128059267,1.2519808675688182,14,0.00042724609375,0.0042724609375
early_stopping_minus_fixed5,seed_iv,emotion,eegconformer,15.0,15,0.3030804293810293,0.2887694987168069,0.0143109306642224,-0.005998195799923,0.034620057128368,0.3902250182179119,10,0.1688232421875,1.0
early_stopping_minus_fixed5,seed_iv,emotion,eegnet,11.0,15,0.3382124949438815,0.3406581665821566,-0.002445671638275,-0.0260754586728632,0.021184115396313,-0.0573161242639631,7,0.803955078125,1.0
early_stopping_minus_fixed5,seed_iv,emotion,shallow_convnet,7.0,15,0.3800125399594131,0.3834327508468126,-0.0034202108873994,-0.0234377799758306,0.0165973582010317,-0.0946193640863042,7,0.93408203125,1.0
early_stopping_minus_fixed5,seed_iv,emotion,tsception,6.0,15,0.3475217340423582,0.3508442958126173,-0.0033225617702591,-0.0182467440245574,0.0116016204840392,-0.1232880534240769,9,0.93408203125,1.0
fixed15_minus_fixed5,dreamer,valence,eegconformer,,23,0.5372975436519796,0.5223623323532172,0.0149352112987624,0.0013504763606975,0.0285199462368272,0.4754211037484731,11,0.0638275146484375,0.25531005859375
fixed30_minus_fixed5,dreamer,valence,eegconformer,,23,0.5311258272448305,0.5223623323532172,0.0087634948916133,-0.0019357375447816,0.0194627273280083,0.3541954427682571,11,0.17535400390625,0.701416015625
fixed15_minus_fixed5,dreamer,valence,tsception,,23,0.5556583403906304,0.5671594225289394,-0.0115010821383089,-0.0259535412297385,0.0029513769531207,-0.344124196265455,11,0.1510722637176513,0.4532167911529541
fixed30_minus_fixed5,dreamer,valence,tsception,,23,0.5600372823614602,0.5671594225289394,-0.0071221401674791,-0.0155225602278429,0.0012782798928845,-0.3666298042331838,12,0.3145539760589599,0.94366192817688
fixed15_minus_fixed5,seed_iv,emotion,eegconformer,,15,0.3155557933332266,0.2912266141437801,0.0243291791894465,0.0015062986664025,0.0471520597124904,0.5903308455274099,10,0.041259765625,0.206298828125
fixed30_minus_fixed5,seed_iv,emotion,eegconformer,,15,0.3537198840910433,0.2912266141437801,0.0624932699472632,0.0335582548689072,0.0914282850256192,1.196046356813968,14,0.00042724609375,0.00213623046875
fixed15_minus_fixed5,seed_iv,emotion,shallow_convnet,,15,0.3806322670202896,0.3824994187736768,-0.0018671517533871,-0.0161425253918307,0.0124082218850564,-0.0724320219221255,6,0.638671875,1.0
fixed30_minus_fixed5,seed_iv,emotion,shallow_convnet,,15,0.3739345026113861,0.3824994187736768,-0.0085649161622905,-0.0254469867910139,0.0083171544664327,-0.2809544267429597,7,0.33026123046875,0.94366192817688
fixed15_minus_fixed5,seed_iv,emotion,tsception,,15,0.3532719662868771,0.3520398764208093,0.0012320898660677,-0.0150508779246512,0.0175150576567866,0.0419032104065409,7,0.846923828125,1.0
fixed30_minus_fixed5,seed_iv,emotion,tsception,,15,0.3493889225703638,0.3520398764208093,-0.0026509538504454,-0.0188776181551979,0.013575710454307,-0.0904714168202165,6,0.52447509765625,0.94366192817688
balanced_loss_minus_unweighted,dreamer,valence,eegnet,,23,0.5521115252732711,0.5538341310912266,-0.0017226058179554,-0.0140820056200629,0.010636793984152,-0.060270775891531,13,0.869666576385498,1.0
balanced_loss_minus_unweighted,seed_iv,emotion,shallow_convnet,,15,0.382378067665294,0.3834327508468126,-0.0010546831815186,-0.0104193173948006,0.0083099510317633,-0.0623691288759083,10,0.5994873046875,1.0
