source,target_dataset,target,pipeline,access,ba,ba_min,ba_max,n_seeds,subj_n,subj_mean,subj_t95_low,subj_t95_high,subj_n_excluded,subj_p_wilcoxon,subj_p_holm
deap,dreamer,arousal,channel_pooled_spectral_lr,source_only,0.4895904962890949,,,1,23,0.4933714232627276,0.478046420587192,0.5086964259382631,0,,
dreamer,deap,arousal,channel_pooled_spectral_lr,source_only,0.5232326564065659,,,1,32,0.5037721641698113,0.4918114932411283,0.5157328350984943,0,0.587890625,1.0
deap,dreamer,valence,channel_pooled_spectral_lr,source_only,0.5006966001026569,,,1,23,0.4925468251555208,0.4507947935675359,0.5342988567435056,0,0.7353515625,1.0
dreamer,deap,valence,channel_pooled_spectral_lr,source_only,0.5,,,1,32,0.5,0.5,0.5,0,,
deap,dreamer,valence,shared14_raw_spectral,source_only,0.507357074768411,,,1,23,0.5321833359876837,0.4987842348268905,0.5655824371484769,0,0.07391357421875,1.0
deap,dreamer,valence,shared14_znorm_spectral,unlabeled_target,0.467711974189133,,,1,23,0.4912724352941742,0.4461401109956789,0.5364047595926695,0,0.54766845703125,1.0
deap,dreamer,valence,shared14_coral_spectral,unlabeled_target,0.4987045682301469,,,1,23,0.514032525445569,0.4655866292034861,0.5624784216876518,0,0.468292236328125,1.0
deap,dreamer,arousal,shared14_raw_spectral,source_only,0.5175586275579163,,,1,23,0.5072908371821415,0.4924309914185161,0.5221506829457668,0,0.4375,1.0
deap,dreamer,arousal,shared14_znorm_spectral,unlabeled_target,0.5291655798733788,,,1,23,0.5124460684243293,0.4707839547676347,0.5541081820810237,0,0.454833984375,1.0
deap,dreamer,arousal,shared14_coral_spectral,unlabeled_target,0.4880492258079814,,,1,23,0.4818378481421959,0.4399683327102466,0.5237073635741452,0,0.3204574584960937,1.0
dreamer,deap,valence,shared14_raw_spectral,source_only,0.4892487456046778,,,1,32,0.4934458003420746,0.4765355494751324,0.5103560512090168,0,1.0,1.0
dreamer,deap,valence,shared14_znorm_spectral,unlabeled_target,0.5105635889534195,,,1,32,0.4951348905036365,0.4745642293226194,0.5157055516846538,0,0.97796630859375,1.0
dreamer,deap,valence,shared14_coral_spectral,unlabeled_target,0.5192307692307692,,,1,32,0.5038751518193254,0.4819700053624132,0.5257802982762376,0,0.774528980255127,1.0
dreamer,deap,arousal,shared14_raw_spectral,source_only,0.4543842815055811,,,1,32,0.4878480459539931,0.4689428573379554,0.5067532345700309,0,0.203125,1.0
dreamer,deap,arousal,shared14_znorm_spectral,unlabeled_target,0.479720933254371,,,1,32,0.4891734215134698,0.4712309653487422,0.5071158776781974,0,0.2287521362304687,1.0
dreamer,deap,arousal,shared14_coral_spectral,unlabeled_target,0.4697357012026757,,,1,32,0.4914310896808278,0.4713082962574895,0.5115538831041662,0,0.6556386947631836,1.0
deap,dreamer,arousal,shared14_eegnet_trial,source_only,0.5030090342162047,0.4966210608683281,0.5167761363905816,5,23,0.5030346947738253,0.492279536119571,0.5137898534280797,0,1.0,1.0
deap,dreamer,valence,shared14_eegnet_trial,source_only,0.5038814068877863,0.4944638623420428,0.5162417813408942,5,23,0.5018000960392266,0.4843775858617052,0.519222606216748,0,0.6101517677307129,1.0
dreamer,deap,arousal,shared14_eegnet_trial,source_only,0.503079529524652,0.4800557733682167,0.5235949833954286,5,32,0.5042382732737929,0.4969463772257551,0.5115301693218307,0,0.4061120748519897,1.0
dreamer,deap,valence,shared14_eegnet_trial,source_only,0.5076804551380822,0.4969084587728655,0.5233939789024535,5,32,0.5028545083781046,0.4944872739306107,0.5112217428255985,0,0.5645889043807983,1.0
