dataset,target,model,fold,probe_query,feature_space,probe_split,n_test_classes,uniform_chance,balanced_accuracy,ba_over_uniform_chance
dreamer,valence,deep_convnet,1,subject_key,learned,within_class_groups,5,0.2,0.6796829451306918,3.398414725653459
dreamer,valence,deep_convnet,1,subject_key,raw_spectral,within_class_groups,5,0.2,0.9911876474119184,4.955938237059592
dreamer,valence,deep_convnet,1,stimulus_key,learned,subject_holdout,18,0.0555555555555555,0.0582252423549873,1.0480543623897718
dreamer,valence,deep_convnet,1,stimulus_key,raw_spectral,subject_holdout,18,0.0555555555555555,0.0576297821553229,1.0373360787958137
dreamer,valence,deep_convnet,10,subject_key,learned,within_class_groups,5,0.2,0.563290055587363,2.816450277936815
dreamer,valence,deep_convnet,10,subject_key,raw_spectral,within_class_groups,5,0.2,0.9389392869388612,4.694696434694306
dreamer,valence,deep_convnet,10,stimulus_key,learned,subject_holdout,18,0.0555555555555555,0.0558725757121549,1.0057063628187894
dreamer,valence,deep_convnet,10,stimulus_key,raw_spectral,subject_holdout,18,0.0555555555555555,0.0520760239041588,0.9373684302748584
dreamer,valence,deep_convnet,11,subject_key,learned,within_class_groups,5,0.2,0.6295610205413451,3.1478051027067258
dreamer,valence,deep_convnet,11,subject_key,raw_spectral,within_class_groups,5,0.2,0.9807541758578028,4.903770879289014
dreamer,valence,deep_convnet,11,stimulus_key,learned,subject_holdout,18,0.0555555555555555,0.0601057468009783,1.0819034424176102
dreamer,valence,deep_convnet,11,stimulus_key,raw_spectral,subject_holdout,18,0.0555555555555555,0.0573862919264725,1.0329532546765057
dreamer,valence,deep_convnet,12,subject_key,learned,within_class_groups,5,0.2,0.6563656170961716,3.281828085480858
dreamer,valence,deep_convnet,12,subject_key,raw_spectral,within_class_groups,5,0.2,0.948652769067722,4.74326384533861
dreamer,valence,deep_convnet,12,stimulus_key,learned,subject_holdout,18,0.0555555555555555,0.0653086491158798,1.1755556840858377
dreamer,valence,deep_convnet,12,stimulus_key,raw_spectral,subject_holdout,18,0.0555555555555555,0.0758090325963001,1.3645625867334024
dreamer,valence,deep_convnet,13,subject_key,learned,within_class_groups,5,0.2,0.6515031241090169,3.2575156205450844
dreamer,valence,deep_convnet,13,subject_key,raw_spectral,within_class_groups,5,0.2,0.9623162381933767,4.811581190966884
dreamer,valence,deep_convnet,13,stimulus_key,learned,subject_holdout,18,0.0555555555555555,0.0522295348086245,0.940131626555242
dreamer,valence,deep_convnet,13,stimulus_key,raw_spectral,subject_holdout,18,0.0555555555555555,0.05865800368776,1.0558440663796809
dreamer,valence,deep_convnet,14,subject_key,learned,within_class_groups,5,0.2,0.6636678704142747,3.3183393520713733
dreamer,valence,deep_convnet,14,subject_key,raw_spectral,within_class_groups,5,0.2,0.9650215072299592,4.825107536149796
dreamer,valence,deep_convnet,14,stimulus_key,learned,subject_holdout,18,0.0555555555555555,0.0449088259314467,0.8083588667660405
dreamer,valence,deep_convnet,14,stimulus_key,raw_spectral,subject_holdout,18,0.0555555555555555,0.0765253225255285,1.3774558054595136
dreamer,valence,deep_convnet,15,subject_key,learned,within_class_groups,5,0.2,0.6732208510539689,3.3661042552698444
dreamer,valence,deep_convnet,15,subject_key,raw_spectral,within_class_groups,5,0.2,0.9892458349661266,4.946229174830633
dreamer,valence,deep_convnet,15,stimulus_key,learned,subject_holdout,18,0.0555555555555555,0.0585653714680716,1.054176686425289
dreamer,valence,deep_convnet,15,stimulus_key,raw_spectral,subject_holdout,18,0.0555555555555555,0.045702756822823,0.8226496228108156
dreamer,valence,deep_convnet,16,subject_key,learned,within_class_groups,5,0.2,0.6124348506343094,3.0621742531715466
dreamer,valence,deep_convnet,16,subject_key,raw_spectral,within_class_groups,5,0.2,0.962764714899443,4.813823574497215
dreamer,valence,deep_convnet,16,stimulus_key,learned,subject_holdout,18,0.0555555555555555,0.0597968916301416,1.0763440493425491
dreamer,valence,deep_convnet,16,stimulus_key,raw_spectral,subject_holdout,18,0.0555555555555555,0.0389607041126973,0.7012926740285521
dreamer,valence,deep_convnet,17,subject_key,learned,within_class_groups,5,0.2,0.6659911432535843,3.3299557162679214
dreamer,valence,deep_convnet,17,subject_key,raw_spectral,within_class_groups,5,0.2,0.9791053583033786,4.895526791516893
dreamer,valence,deep_convnet,17,stimulus_key,learned,subject_holdout,18,0.0555555555555555,0.0670573292399095,1.2070319263183724
dreamer,valence,deep_convnet,17,stimulus_key,raw_spectral,subject_holdout,18,0.0555555555555555,0.055218128925545,0.99392632065981
dreamer,valence,deep_convnet,18,subject_key,learned,within_class_groups,5,0.2,0.6281659658593346,3.140829829296673
dreamer,valence,deep_convnet,18,subject_key,raw_spectral,within_class_groups,5,0.2,0.9576453392824344,4.788226696412172
dreamer,valence,deep_convnet,18,stimulus_key,learned,subject_holdout,18,0.0555555555555555,0.0521132328152166,0.9380381906738988
dreamer,valence,deep_convnet,18,stimulus_key,raw_spectral,subject_holdout,18,0.0555555555555555,0.092980980924169,1.6736576566350423
dreamer,valence,deep_convnet,19,subject_key,learned,within_class_groups,5,0.2,0.6360104030876719,3.18005201543836
dreamer,valence,deep_convnet,19,subject_key,raw_spectral,within_class_groups,5,0.2,0.9804197663999744,4.902098831999871
dreamer,valence,deep_convnet,19,stimulus_key,learned,subject_holdout,18,0.0555555555555555,0.0510221486495691,0.918398675692244
dreamer,valence,deep_convnet,19,stimulus_key,raw_spectral,subject_holdout,18,0.0555555555555555,0.050489940517859,0.9088189293214632
dreamer,valence,deep_convnet,2,subject_key,learned,within_class_groups,5,0.2,0.5957286410195713,2.978643205097857
dreamer,valence,deep_convnet,2,subject_key,raw_spectral,within_class_groups,5,0.2,0.9484461927683648,4.742230963841823
dreamer,valence,deep_convnet,2,stimulus_key,learned,subject_holdout,18,0.0555555555555555,0.0709956904054729,1.2779224272985137
dreamer,valence,deep_convnet,2,stimulus_key,raw_spectral,subject_holdout,18,0.0555555555555555,0.0499825686740071,0.899686236132129
dreamer,valence,deep_convnet,20,subject_key,learned,within_class_groups,5,0.2,0.5804392621992868,2.902196310996434
dreamer,valence,deep_convnet,20,subject_key,raw_spectral,within_class_groups,5,0.2,0.9462874617371568,4.731437308685784
dreamer,valence,deep_convnet,20,stimulus_key,learned,subject_holdout,18,0.0555555555555555,0.057075839562664,1.0273651121279528
dreamer,valence,deep_convnet,20,stimulus_key,raw_spectral,subject_holdout,18,0.0555555555555555,0.0729616056941912,1.313308902495442
dreamer,valence,deep_convnet,21,subject_key,learned,within_class_groups,5,0.2,0.668790390449135,3.343951952245675
dreamer,valence,deep_convnet,21,subject_key,raw_spectral,within_class_groups,5,0.2,0.9844761813530084,4.922380906765042
dreamer,valence,deep_convnet,21,stimulus_key,learned,subject_holdout,18,0.0555555555555555,0.0490895955190803,0.8836127193434461
dreamer,valence,deep_convnet,21,stimulus_key,raw_spectral,subject_holdout,18,0.0555555555555555,0.0483495635898781,0.8702921446178069
dreamer,valence,deep_convnet,22,subject_key,learned,within_class_groups,5,0.2,0.6336550699926812,3.1682753499634058
dreamer,valence,deep_convnet,22,subject_key,raw_spectral,within_class_groups,5,0.2,0.9438917524517862,4.719458762258931
dreamer,valence,deep_convnet,22,stimulus_key,learned,subject_holdout,18,0.0555555555555555,0.0586796517351753,1.056233731233157
dreamer,valence,deep_convnet,22,stimulus_key,raw_spectral,subject_holdout,18,0.0555555555555555,0.0805894170110447,1.450609506198805
dreamer,valence,deep_convnet,23,subject_key,learned,within_class_groups,5,0.2,0.6572331646831853,3.286165823415926
dreamer,valence,deep_convnet,23,subject_key,raw_spectral,within_class_groups,5,0.2,0.9705894239984256,4.852947119992129
dreamer,valence,deep_convnet,23,stimulus_key,learned,subject_holdout,18,0.0555555555555555,0.0717935104717205,1.292283188490969
dreamer,valence,deep_convnet,23,stimulus_key,raw_spectral,subject_holdout,18,0.0555555555555555,0.0452528983018939,0.8145521694340905
dreamer,valence,deep_convnet,3,subject_key,learned,within_class_groups,5,0.2,0.6040124096614858,3.0200620483074294
dreamer,valence,deep_convnet,3,subject_key,raw_spectral,within_class_groups,5,0.2,0.9558819181626048,4.7794095908130245
dreamer,valence,deep_convnet,3,stimulus_key,learned,subject_holdout,18,0.0555555555555555,0.060462009696028,1.0883161745285042
dreamer,valence,deep_convnet,3,stimulus_key,raw_spectral,subject_holdout,18,0.0555555555555555,0.0815691056908261,1.4682439024348712
dreamer,valence,deep_convnet,4,subject_key,learned,within_class_groups,5,0.2,0.681310795675068,3.40655397837534
dreamer,valence,deep_convnet,4,subject_key,raw_spectral,within_class_groups,5,0.2,0.9806334245374838,4.903167122687419
dreamer,valence,deep_convnet,4,stimulus_key,learned,subject_holdout,18,0.0555555555555555,0.0657028136057699,1.1826506449038587
dreamer,valence,deep_convnet,4,stimulus_key,raw_spectral,subject_holdout,18,0.0555555555555555,0.0643528937904698,1.1583520882284568
dreamer,valence,deep_convnet,5,subject_key,learned,within_class_groups,5,0.2,0.679466036556966,3.39733018278483
dreamer,valence,deep_convnet,5,subject_key,raw_spectral,within_class_groups,5,0.2,0.9772573903226492,4.886286951613246
dreamer,valence,deep_convnet,5,stimulus_key,learned,subject_holdout,18,0.0555555555555555,0.0698449530701376,1.2572091552624771
dreamer,valence,deep_convnet,5,stimulus_key,raw_spectral,subject_holdout,18,0.0555555555555555,0.0449321319321554,0.8087783747787973
dreamer,valence,deep_convnet,6,subject_key,learned,within_class_groups,5,0.2,0.6242213875735222,3.121106937867611
dreamer,valence,deep_convnet,6,subject_key,raw_spectral,within_class_groups,5,0.2,0.9693436246111052,4.846718123055526
dreamer,valence,deep_convnet,6,stimulus_key,learned,subject_holdout,18,0.0555555555555555,0.0666977066832912,1.2005587202992425
dreamer,valence,deep_convnet,6,stimulus_key,raw_spectral,subject_holdout,18,0.0555555555555555,0.0519564498459641,0.935216097227355
dreamer,valence,deep_convnet,7,subject_key,learned,within_class_groups,5,0.2,0.5732505656550563,2.866252828275281
dreamer,valence,deep_convnet,7,subject_key,raw_spectral,within_class_groups,5,0.2,0.9613409553500496,4.806704776750248
dreamer,valence,deep_convnet,7,stimulus_key,learned,subject_holdout,18,0.0555555555555555,0.0617249684653321,1.1110494323759792
dreamer,valence,deep_convnet,7,stimulus_key,raw_spectral,subject_holdout,18,0.0555555555555555,0.0751817675549463,1.3532718159890345
dreamer,valence,deep_convnet,8,subject_key,learned,within_class_groups,5,0.2,0.6539385289440265,3.2696926447201324
dreamer,valence,deep_convnet,8,subject_key,raw_spectral,within_class_groups,5,0.2,0.961819480091909,4.809097400459545
dreamer,valence,deep_convnet,8,stimulus_key,learned,subject_holdout,18,0.0555555555555555,0.0674281301787174,1.2137063432169142
dreamer,valence,deep_convnet,8,stimulus_key,raw_spectral,subject_holdout,18,0.0555555555555555,0.1086639457532747,1.9559510235589448
dreamer,valence,deep_convnet,9,subject_key,learned,within_class_groups,5,0.2,0.6719040954411144,3.359520477205572
dreamer,valence,deep_convnet,9,subject_key,raw_spectral,within_class_groups,5,0.2,0.9338778374534442,4.669389187267221
dreamer,valence,deep_convnet,9,stimulus_key,learned,subject_holdout,18,0.0555555555555555,0.0495078924603928,0.8911420642870707
dreamer,valence,deep_convnet,9,stimulus_key,raw_spectral,subject_holdout,18,0.0555555555555555,0.1034581047921108,1.8622458862579951
dreamer,valence,eegnet,1,subject_key,learned,within_class_groups,5,0.2,0.7150357640222283,3.575178820111142
dreamer,valence,eegnet,1,subject_key,raw_spectral,within_class_groups,5,0.2,0.9911876474119184,4.955938237059592
dreamer,valence,eegnet,1,stimulus_key,learned,subject_holdout,18,0.0555555555555555,0.0673140925251051,1.2116536654518928
dreamer,valence,eegnet,1,stimulus_key,raw_spectral,subject_holdout,18,0.0555555555555555,0.0576297821553229,1.0373360787958137
dreamer,valence,eegnet,10,subject_key,learned,within_class_groups,5,0.2,0.7229576107305766,3.614788053652883
dreamer,valence,eegnet,10,subject_key,raw_spectral,within_class_groups,5,0.2,0.9389392869388612,4.694696434694306
dreamer,valence,eegnet,10,stimulus_key,learned,subject_holdout,18,0.0555555555555555,0.0539014854564583,0.9702267382162504
dreamer,valence,eegnet,10,stimulus_key,raw_spectral,subject_holdout,18,0.0555555555555555,0.0520760239041588,0.9373684302748584
dreamer,valence,eegnet,11,subject_key,learned,within_class_groups,5,0.2,0.7116968544603789,3.5584842723018943
dreamer,valence,eegnet,11,subject_key,raw_spectral,within_class_groups,5,0.2,0.9807541758578028,4.903770879289014
dreamer,valence,eegnet,11,stimulus_key,learned,subject_holdout,18,0.0555555555555555,0.062442150769063,1.1239587138431353
dreamer,valence,eegnet,11,stimulus_key,raw_spectral,subject_holdout,18,0.0555555555555555,0.0573862919264725,1.0329532546765057
dreamer,valence,eegnet,12,subject_key,learned,within_class_groups,5,0.2,0.6444965953984971,3.222482976992485
dreamer,valence,eegnet,12,subject_key,raw_spectral,within_class_groups,5,0.2,0.948652769067722,4.74326384533861
dreamer,valence,eegnet,12,stimulus_key,learned,subject_holdout,18,0.0555555555555555,0.0603427540464975,1.086169572836956
dreamer,valence,eegnet,12,stimulus_key,raw_spectral,subject_holdout,18,0.0555555555555555,0.0758090325963001,1.3645625867334024
dreamer,valence,eegnet,13,subject_key,learned,within_class_groups,5,0.2,0.6987920290050151,3.493960145025076
dreamer,valence,eegnet,13,subject_key,raw_spectral,within_class_groups,5,0.2,0.9623162381933767,4.811581190966884
dreamer,valence,eegnet,13,stimulus_key,learned,subject_holdout,18,0.0555555555555555,0.0898782641487301,1.6178087546771422
dreamer,valence,eegnet,13,stimulus_key,raw_spectral,subject_holdout,18,0.0555555555555555,0.05865800368776,1.0558440663796809
dreamer,valence,eegnet,14,subject_key,learned,within_class_groups,5,0.2,0.7597607751772621,3.7988038758863114
dreamer,valence,eegnet,14,subject_key,raw_spectral,within_class_groups,5,0.2,0.9650215072299592,4.825107536149796
dreamer,valence,eegnet,14,stimulus_key,learned,subject_holdout,18,0.0555555555555555,0.0684249792688478,1.2316496268392605
dreamer,valence,eegnet,14,stimulus_key,raw_spectral,subject_holdout,18,0.0555555555555555,0.0765253225255285,1.3774558054595136
dreamer,valence,eegnet,15,subject_key,learned,within_class_groups,5,0.2,0.7157873003173719,3.57893650158686
dreamer,valence,eegnet,15,subject_key,raw_spectral,within_class_groups,5,0.2,0.9892458349661266,4.946229174830633
dreamer,valence,eegnet,15,stimulus_key,learned,subject_holdout,18,0.0555555555555555,0.0543225942821057,0.9778066970779028
dreamer,valence,eegnet,15,stimulus_key,raw_spectral,subject_holdout,18,0.0555555555555555,0.045702756822823,0.8226496228108156
dreamer,valence,eegnet,16,subject_key,learned,within_class_groups,5,0.2,0.682159529612199,3.4107976480609947
dreamer,valence,eegnet,16,subject_key,raw_spectral,within_class_groups,5,0.2,0.962764714899443,4.813823574497215
dreamer,valence,eegnet,16,stimulus_key,learned,subject_holdout,18,0.0555555555555555,0.0547014056298831,0.9846253013378966
dreamer,valence,eegnet,16,stimulus_key,raw_spectral,subject_holdout,18,0.0555555555555555,0.0389607041126973,0.7012926740285521
dreamer,valence,eegnet,17,subject_key,learned,within_class_groups,5,0.2,0.7180424733008339,3.5902123665041694
dreamer,valence,eegnet,17,subject_key,raw_spectral,within_class_groups,5,0.2,0.9791053583033786,4.895526791516893
dreamer,valence,eegnet,17,stimulus_key,learned,subject_holdout,18,0.0555555555555555,0.0465898834177915,0.838617901520248
dreamer,valence,eegnet,17,stimulus_key,raw_spectral,subject_holdout,18,0.0555555555555555,0.055218128925545,0.99392632065981
dreamer,valence,eegnet,18,subject_key,learned,within_class_groups,5,0.2,0.6338673410665814,3.169336705332907
dreamer,valence,eegnet,18,subject_key,raw_spectral,within_class_groups,5,0.2,0.9576453392824344,4.788226696412172
dreamer,valence,eegnet,18,stimulus_key,learned,subject_holdout,18,0.0555555555555555,0.0824403173129072,1.483925711632331
dreamer,valence,eegnet,18,stimulus_key,raw_spectral,subject_holdout,18,0.0555555555555555,0.092980980924169,1.6736576566350423
dreamer,valence,eegnet,19,subject_key,learned,within_class_groups,5,0.2,0.6502746178824392,3.251373089412196
dreamer,valence,eegnet,19,subject_key,raw_spectral,within_class_groups,5,0.2,0.9804197663999744,4.902098831999871
dreamer,valence,eegnet,19,stimulus_key,learned,subject_holdout,18,0.0555555555555555,0.0828274077950512,1.490893340310922
dreamer,valence,eegnet,19,stimulus_key,raw_spectral,subject_holdout,18,0.0555555555555555,0.050489940517859,0.9088189293214632
dreamer,valence,eegnet,2,subject_key,learned,within_class_groups,5,0.2,0.6168538272574742,3.08426913628737
dreamer,valence,eegnet,2,subject_key,raw_spectral,within_class_groups,5,0.2,0.9484461927683648,4.742230963841823
dreamer,valence,eegnet,2,stimulus_key,learned,subject_holdout,18,0.0555555555555555,0.0652183080705014,1.1739295452690253
dreamer,valence,eegnet,2,stimulus_key,raw_spectral,subject_holdout,18,0.0555555555555555,0.0499825686740071,0.899686236132129
dreamer,valence,eegnet,20,subject_key,learned,within_class_groups,5,0.2,0.597413895905068,2.98706947952534
dreamer,valence,eegnet,20,subject_key,raw_spectral,within_class_groups,5,0.2,0.9462874617371568,4.731437308685784
dreamer,valence,eegnet,20,stimulus_key,learned,subject_holdout,18,0.0555555555555555,0.0630351592686746,1.134632866836143
dreamer,valence,eegnet,20,stimulus_key,raw_spectral,subject_holdout,18,0.0555555555555555,0.0729616056941912,1.313308902495442
dreamer,valence,eegnet,21,subject_key,learned,within_class_groups,5,0.2,0.7539608420516856,3.769804210258428
dreamer,valence,eegnet,21,subject_key,raw_spectral,within_class_groups,5,0.2,0.9844761813530084,4.922380906765042
dreamer,valence,eegnet,21,stimulus_key,learned,subject_holdout,18,0.0555555555555555,0.0541619296640968,0.9749147339537436
dreamer,valence,eegnet,21,stimulus_key,raw_spectral,subject_holdout,18,0.0555555555555555,0.0483495635898781,0.8702921446178069
dreamer,valence,eegnet,22,subject_key,learned,within_class_groups,5,0.2,0.7324833405156819,3.662416702578409
dreamer,valence,eegnet,22,subject_key,raw_spectral,within_class_groups,5,0.2,0.9438917524517862,4.719458762258931
dreamer,valence,eegnet,22,stimulus_key,learned,subject_holdout,18,0.0555555555555555,0.0417432586162645,0.7513786550927617
dreamer,valence,eegnet,22,stimulus_key,raw_spectral,subject_holdout,18,0.0555555555555555,0.0805894170110447,1.450609506198805
dreamer,valence,eegnet,23,subject_key,learned,within_class_groups,5,0.2,0.7380070254564413,3.690035127282206
dreamer,valence,eegnet,23,subject_key,raw_spectral,within_class_groups,5,0.2,0.9705894239984256,4.852947119992129
dreamer,valence,eegnet,23,stimulus_key,learned,subject_holdout,18,0.0555555555555555,0.0488397589301907,0.8791156607434342
dreamer,valence,eegnet,23,stimulus_key,raw_spectral,subject_holdout,18,0.0555555555555555,0.0452528983018939,0.8145521694340905
dreamer,valence,eegnet,3,subject_key,learned,within_class_groups,5,0.2,0.6061160704504686,3.030580352252343
dreamer,valence,eegnet,3,subject_key,raw_spectral,within_class_groups,5,0.2,0.9558819181626048,4.7794095908130245
dreamer,valence,eegnet,3,stimulus_key,learned,subject_holdout,18,0.0555555555555555,0.0353476547094842,0.636257784770716
dreamer,valence,eegnet,3,stimulus_key,raw_spectral,subject_holdout,18,0.0555555555555555,0.0815691056908261,1.4682439024348712
dreamer,valence,eegnet,4,subject_key,learned,within_class_groups,5,0.2,0.8206820080052706,4.103410040026353
dreamer,valence,eegnet,4,subject_key,raw_spectral,within_class_groups,5,0.2,0.9806334245374838,4.903167122687419
dreamer,valence,eegnet,4,stimulus_key,learned,subject_holdout,18,0.0555555555555555,0.0973768546205461,1.7527833831698314
dreamer,valence,eegnet,4,stimulus_key,raw_spectral,subject_holdout,18,0.0555555555555555,0.0643528937904698,1.1583520882284568
dreamer,valence,eegnet,5,subject_key,learned,within_class_groups,5,0.2,0.694320726074132,3.47160363037066
dreamer,valence,eegnet,5,subject_key,raw_spectral,within_class_groups,5,0.2,0.9772573903226492,4.886286951613246
dreamer,valence,eegnet,5,stimulus_key,learned,subject_holdout,18,0.0555555555555555,0.0634662881698653,1.1423931870575763
dreamer,valence,eegnet,5,stimulus_key,raw_spectral,subject_holdout,18,0.0555555555555555,0.0449321319321554,0.8087783747787973
dreamer,valence,eegnet,6,subject_key,learned,within_class_groups,5,0.2,0.7028865472870092,3.5144327364350456
dreamer,valence,eegnet,6,subject_key,raw_spectral,within_class_groups,5,0.2,0.9693436246111052,4.846718123055526
dreamer,valence,eegnet,6,stimulus_key,learned,subject_holdout,18,0.0555555555555555,0.0784362672282019,1.4118528101076355
dreamer,valence,eegnet,6,stimulus_key,raw_spectral,subject_holdout,18,0.0555555555555555,0.0519564498459641,0.935216097227355
dreamer,valence,eegnet,7,subject_key,learned,within_class_groups,5,0.2,0.7326046700638518,3.663023350319259
dreamer,valence,eegnet,7,subject_key,raw_spectral,within_class_groups,5,0.2,0.9613409553500496,4.806704776750248
dreamer,valence,eegnet,7,stimulus_key,learned,subject_holdout,18,0.0555555555555555,0.0524707928713731,0.9444742716847172
dreamer,valence,eegnet,7,stimulus_key,raw_spectral,subject_holdout,18,0.0555555555555555,0.0751817675549463,1.3532718159890345
dreamer,valence,eegnet,8,subject_key,learned,within_class_groups,5,0.2,0.661472236595189,3.307361182975945
dreamer,valence,eegnet,8,subject_key,raw_spectral,within_class_groups,5,0.2,0.961819480091909,4.809097400459545
dreamer,valence,eegnet,8,stimulus_key,learned,subject_holdout,18,0.0555555555555555,0.0762504197753833,1.372507555956899
dreamer,valence,eegnet,8,stimulus_key,raw_spectral,subject_holdout,18,0.0555555555555555,0.1086639457532747,1.9559510235589448
dreamer,valence,eegnet,9,subject_key,learned,within_class_groups,5,0.2,0.6463961568388992,3.231980784194496
dreamer,valence,eegnet,9,subject_key,raw_spectral,within_class_groups,5,0.2,0.9338778374534442,4.669389187267221
dreamer,valence,eegnet,9,stimulus_key,learned,subject_holdout,18,0.0555555555555555,0.0448097765305713,0.8065759775502849
dreamer,valence,eegnet,9,stimulus_key,raw_spectral,subject_holdout,18,0.0555555555555555,0.1034581047921108,1.8622458862579951
dreamer,valence,shallow_convnet,1,subject_key,learned,within_class_groups,5,0.2,0.7494474606873738,3.7472373034368687
dreamer,valence,shallow_convnet,1,subject_key,raw_spectral,within_class_groups,5,0.2,0.9911876474119184,4.955938237059592
dreamer,valence,shallow_convnet,1,stimulus_key,learned,subject_holdout,18,0.0555555555555555,0.0627603303234873,1.129685945822772
dreamer,valence,shallow_convnet,1,stimulus_key,raw_spectral,subject_holdout,18,0.0555555555555555,0.0576297821553229,1.0373360787958137
dreamer,valence,shallow_convnet,10,subject_key,learned,within_class_groups,5,0.2,0.7195245677885074,3.597622838942537
dreamer,valence,shallow_convnet,10,subject_key,raw_spectral,within_class_groups,5,0.2,0.9389392869388612,4.694696434694306
dreamer,valence,shallow_convnet,10,stimulus_key,learned,subject_holdout,18,0.0555555555555555,0.0610404974066754,1.0987289533201574
dreamer,valence,shallow_convnet,10,stimulus_key,raw_spectral,subject_holdout,18,0.0555555555555555,0.0520760239041588,0.9373684302748584
dreamer,valence,shallow_convnet,11,subject_key,learned,within_class_groups,5,0.2,0.7458376673372692,3.729188336686346
dreamer,valence,shallow_convnet,11,subject_key,raw_spectral,within_class_groups,5,0.2,0.9807541758578028,4.903770879289014
dreamer,valence,shallow_convnet,11,stimulus_key,learned,subject_holdout,18,0.0555555555555555,0.0704088484458402,1.2673592720251237
dreamer,valence,shallow_convnet,11,stimulus_key,raw_spectral,subject_holdout,18,0.0555555555555555,0.0573862919264725,1.0329532546765057
dreamer,valence,shallow_convnet,12,subject_key,learned,within_class_groups,5,0.2,0.73420603510057,3.67103017550285
dreamer,valence,shallow_convnet,12,subject_key,raw_spectral,within_class_groups,5,0.2,0.948652769067722,4.74326384533861
dreamer,valence,shallow_convnet,12,stimulus_key,learned,subject_holdout,18,0.0555555555555555,0.063833063757968,1.1489951476434246
dreamer,valence,shallow_convnet,12,stimulus_key,raw_spectral,subject_holdout,18,0.0555555555555555,0.0758090325963001,1.3645625867334024
dreamer,valence,shallow_convnet,13,subject_key,learned,within_class_groups,5,0.2,0.7808439661980102,3.9042198309900513
dreamer,valence,shallow_convnet,13,subject_key,raw_spectral,within_class_groups,5,0.2,0.9623162381933767,4.811581190966884
dreamer,valence,shallow_convnet,13,stimulus_key,learned,subject_holdout,18,0.0555555555555555,0.062897199295275,1.1321495873149514
dreamer,valence,shallow_convnet,13,stimulus_key,raw_spectral,subject_holdout,18,0.0555555555555555,0.05865800368776,1.0558440663796809
dreamer,valence,shallow_convnet,14,subject_key,learned,within_class_groups,5,0.2,0.7466187943719171,3.733093971859586
dreamer,valence,shallow_convnet,14,subject_key,raw_spectral,within_class_groups,5,0.2,0.9650215072299592,4.825107536149796
dreamer,valence,shallow_convnet,14,stimulus_key,learned,subject_holdout,18,0.0555555555555555,0.0723575340996127,1.3024356137930284
dreamer,valence,shallow_convnet,14,stimulus_key,raw_spectral,subject_holdout,18,0.0555555555555555,0.0765253225255285,1.3774558054595136
dreamer,valence,shallow_convnet,15,subject_key,learned,within_class_groups,5,0.2,0.7960060818285706,3.980030409142853
dreamer,valence,shallow_convnet,15,subject_key,raw_spectral,within_class_groups,5,0.2,0.9892458349661266,4.946229174830633
dreamer,valence,shallow_convnet,15,stimulus_key,learned,subject_holdout,18,0.0555555555555555,0.0689909169927002,1.241836505868605
dreamer,valence,shallow_convnet,15,stimulus_key,raw_spectral,subject_holdout,18,0.0555555555555555,0.045702756822823,0.8226496228108156
dreamer,valence,shallow_convnet,16,subject_key,learned,within_class_groups,5,0.2,0.7472673312133316,3.7363366560666575
dreamer,valence,shallow_convnet,16,subject_key,raw_spectral,within_class_groups,5,0.2,0.962764714899443,4.813823574497215
dreamer,valence,shallow_convnet,16,stimulus_key,learned,subject_holdout,18,0.0555555555555555,0.0628056010565275,1.130500819017496
dreamer,valence,shallow_convnet,16,stimulus_key,raw_spectral,subject_holdout,18,0.0555555555555555,0.0389607041126973,0.7012926740285521
dreamer,valence,shallow_convnet,17,subject_key,learned,within_class_groups,5,0.2,0.7484372641771678,3.742186320885839
dreamer,valence,shallow_convnet,17,subject_key,raw_spectral,within_class_groups,5,0.2,0.9791053583033786,4.895526791516893
dreamer,valence,shallow_convnet,17,stimulus_key,learned,subject_holdout,18,0.0555555555555555,0.0664538907702703,1.196170033864866
dreamer,valence,shallow_convnet,17,stimulus_key,raw_spectral,subject_holdout,18,0.0555555555555555,0.055218128925545,0.99392632065981
dreamer,valence,shallow_convnet,18,subject_key,learned,within_class_groups,5,0.2,0.7522862573160677,3.7614312865803385
dreamer,valence,shallow_convnet,18,subject_key,raw_spectral,within_class_groups,5,0.2,0.9576453392824344,4.788226696412172
dreamer,valence,shallow_convnet,18,stimulus_key,learned,subject_holdout,18,0.0555555555555555,0.0680288488566505,1.2245192794197095
dreamer,valence,shallow_convnet,18,stimulus_key,raw_spectral,subject_holdout,18,0.0555555555555555,0.092980980924169,1.6736576566350423
dreamer,valence,shallow_convnet,19,subject_key,learned,within_class_groups,5,0.2,0.7131803341750607,3.565901670875303
dreamer,valence,shallow_convnet,19,subject_key,raw_spectral,within_class_groups,5,0.2,0.9804197663999744,4.902098831999871
dreamer,valence,shallow_convnet,19,stimulus_key,learned,subject_holdout,18,0.0555555555555555,0.0440157453224974,0.7922834158049538
dreamer,valence,shallow_convnet,19,stimulus_key,raw_spectral,subject_holdout,18,0.0555555555555555,0.050489940517859,0.9088189293214632
dreamer,valence,shallow_convnet,2,subject_key,learned,within_class_groups,5,0.2,0.758791643289047,3.793958216445235
dreamer,valence,shallow_convnet,2,subject_key,raw_spectral,within_class_groups,5,0.2,0.9484461927683648,4.742230963841823
dreamer,valence,shallow_convnet,2,stimulus_key,learned,subject_holdout,18,0.0555555555555555,0.0828779165605328,1.4918024980895903
dreamer,valence,shallow_convnet,2,stimulus_key,raw_spectral,subject_holdout,18,0.0555555555555555,0.0499825686740071,0.899686236132129
dreamer,valence,shallow_convnet,20,subject_key,learned,within_class_groups,5,0.2,0.6824322503247705,3.4121612516238526
dreamer,valence,shallow_convnet,20,subject_key,raw_spectral,within_class_groups,5,0.2,0.9462874617371568,4.731437308685784
dreamer,valence,shallow_convnet,20,stimulus_key,learned,subject_holdout,18,0.0555555555555555,0.0658662981877669,1.1855933673798056
dreamer,valence,shallow_convnet,20,stimulus_key,raw_spectral,subject_holdout,18,0.0555555555555555,0.0729616056941912,1.313308902495442
dreamer,valence,shallow_convnet,21,subject_key,learned,within_class_groups,5,0.2,0.7776393532237276,3.8881967661186376
dreamer,valence,shallow_convnet,21,subject_key,raw_spectral,within_class_groups,5,0.2,0.9844761813530084,4.922380906765042
dreamer,valence,shallow_convnet,21,stimulus_key,learned,subject_holdout,18,0.0555555555555555,0.0306883027076979,0.5523894487385632
dreamer,valence,shallow_convnet,21,stimulus_key,raw_spectral,subject_holdout,18,0.0555555555555555,0.0483495635898781,0.8702921446178069
dreamer,valence,shallow_convnet,22,subject_key,learned,within_class_groups,5,0.2,0.759106080256481,3.795530401282405
dreamer,valence,shallow_convnet,22,subject_key,raw_spectral,within_class_groups,5,0.2,0.9438917524517862,4.719458762258931
dreamer,valence,shallow_convnet,22,stimulus_key,learned,subject_holdout,18,0.0555555555555555,0.0747602493172217,1.3456844877099914
dreamer,valence,shallow_convnet,22,stimulus_key,raw_spectral,subject_holdout,18,0.0555555555555555,0.0805894170110447,1.450609506198805
dreamer,valence,shallow_convnet,23,subject_key,learned,within_class_groups,5,0.2,0.7597636048670184,3.798818024335092
dreamer,valence,shallow_convnet,23,subject_key,raw_spectral,within_class_groups,5,0.2,0.9705894239984256,4.852947119992129
dreamer,valence,shallow_convnet,23,stimulus_key,learned,subject_holdout,18,0.0555555555555555,0.0364030120895441,0.6552542176117951
dreamer,valence,shallow_convnet,23,stimulus_key,raw_spectral,subject_holdout,18,0.0555555555555555,0.0452528983018939,0.8145521694340905
dreamer,valence,shallow_convnet,3,subject_key,learned,within_class_groups,5,0.2,0.7021058175924588,3.5105290879622943
dreamer,valence,shallow_convnet,3,subject_key,raw_spectral,within_class_groups,5,0.2,0.9558819181626048,4.7794095908130245
dreamer,valence,shallow_convnet,3,stimulus_key,learned,subject_holdout,18,0.0555555555555555,0.045440604462272,0.8179308803208962
dreamer,valence,shallow_convnet,3,stimulus_key,raw_spectral,subject_holdout,18,0.0555555555555555,0.0815691056908261,1.4682439024348712
dreamer,valence,shallow_convnet,4,subject_key,learned,within_class_groups,5,0.2,0.8855738439429931,4.427869219714966
dreamer,valence,shallow_convnet,4,subject_key,raw_spectral,within_class_groups,5,0.2,0.9806334245374838,4.903167122687419
dreamer,valence,shallow_convnet,4,stimulus_key,learned,subject_holdout,18,0.0555555555555555,0.0805810056762661,1.4504581021727914
dreamer,valence,shallow_convnet,4,stimulus_key,raw_spectral,subject_holdout,18,0.0555555555555555,0.0643528937904698,1.1583520882284568
dreamer,valence,shallow_convnet,5,subject_key,learned,within_class_groups,5,0.2,0.7376285830345974,3.688142915172987
dreamer,valence,shallow_convnet,5,subject_key,raw_spectral,within_class_groups,5,0.2,0.9772573903226492,4.886286951613246
dreamer,valence,shallow_convnet,5,stimulus_key,learned,subject_holdout,18,0.0555555555555555,0.0888102750352646,1.5985849506347645
dreamer,valence,shallow_convnet,5,stimulus_key,raw_spectral,subject_holdout,18,0.0555555555555555,0.0449321319321554,0.8087783747787973
dreamer,valence,shallow_convnet,6,subject_key,learned,within_class_groups,5,0.2,0.7848338069344,3.924169034672
dreamer,valence,shallow_convnet,6,subject_key,raw_spectral,within_class_groups,5,0.2,0.9693436246111052,4.846718123055526
dreamer,valence,shallow_convnet,6,stimulus_key,learned,subject_holdout,18,0.0555555555555555,0.0716317917810712,1.2893722520592823
dreamer,valence,shallow_convnet,6,stimulus_key,raw_spectral,subject_holdout,18,0.0555555555555555,0.0519564498459641,0.935216097227355
dreamer,valence,shallow_convnet,7,subject_key,learned,within_class_groups,5,0.2,0.7742723533421758,3.871361766710879
dreamer,valence,shallow_convnet,7,subject_key,raw_spectral,within_class_groups,5,0.2,0.9613409553500496,4.806704776750248
dreamer,valence,shallow_convnet,7,stimulus_key,learned,subject_holdout,18,0.0555555555555555,0.0662222280534488,1.1920001049620792
dreamer,valence,shallow_convnet,7,stimulus_key,raw_spectral,subject_holdout,18,0.0555555555555555,0.0751817675549463,1.3532718159890345
dreamer,valence,shallow_convnet,8,subject_key,learned,within_class_groups,5,0.2,0.7893335524810418,3.946667762405209
dreamer,valence,shallow_convnet,8,subject_key,raw_spectral,within_class_groups,5,0.2,0.961819480091909,4.809097400459545
dreamer,valence,shallow_convnet,8,stimulus_key,learned,subject_holdout,18,0.0555555555555555,0.0658523492561807,1.1853422866112528
dreamer,valence,shallow_convnet,8,stimulus_key,raw_spectral,subject_holdout,18,0.0555555555555555,0.1086639457532747,1.9559510235589448
dreamer,valence,shallow_convnet,9,subject_key,learned,within_class_groups,5,0.2,0.7551231636345298,3.775615818172649
dreamer,valence,shallow_convnet,9,subject_key,raw_spectral,within_class_groups,5,0.2,0.9338778374534442,4.669389187267221
dreamer,valence,shallow_convnet,9,stimulus_key,learned,subject_holdout,18,0.0555555555555555,0.0414850351355889,0.7467306324406007
dreamer,valence,shallow_convnet,9,stimulus_key,raw_spectral,subject_holdout,18,0.0555555555555555,0.1034581047921108,1.8622458862579951
seed_iv,emotion,deep_convnet,1,subject_key,learned,within_class_groups,3,0.3333333333333333,0.8767419459654108,2.630225837896232
seed_iv,emotion,deep_convnet,1,subject_key,raw_spectral,within_class_groups,3,0.3333333333333333,1.0,3.0
seed_iv,emotion,deep_convnet,1,stimulus_key,learned,subject_holdout,72,0.0138888888888888,0.0241508860016905,1.738863792121721
seed_iv,emotion,deep_convnet,1,stimulus_key,raw_spectral,subject_holdout,72,0.0138888888888888,0.0162620603797074,1.1708683473389354
seed_iv,emotion,deep_convnet,1,session_key,learned,within_class_groups,3,0.3333333333333333,0.5912079534006909,1.7736238602020726
seed_iv,emotion,deep_convnet,1,session_key,raw_spectral,within_class_groups,3,0.3333333333333333,0.9974539705109088,2.9923619115327265
seed_iv,emotion,deep_convnet,10,subject_key,learned,within_class_groups,3,0.3333333333333333,0.8630613660918716,2.5891840982756147
seed_iv,emotion,deep_convnet,10,subject_key,raw_spectral,within_class_groups,3,0.3333333333333333,0.9995408631772268,2.9986225895316805
seed_iv,emotion,deep_convnet,10,stimulus_key,learned,subject_holdout,72,0.0138888888888888,0.0270598839312882,1.9483116430527567
seed_iv,emotion,deep_convnet,10,stimulus_key,raw_spectral,subject_holdout,72,0.0138888888888888,0.0328108173049381,2.362378845955547
seed_iv,emotion,deep_convnet,10,session_key,learned,within_class_groups,3,0.3333333333333333,0.8228618356438613,2.468585506931584
seed_iv,emotion,deep_convnet,10,session_key,raw_spectral,within_class_groups,3,0.3333333333333333,0.998334585167508,2.995003755502524
seed_iv,emotion,deep_convnet,11,subject_key,learned,within_class_groups,3,0.3333333333333333,0.8753953296654379,2.6261859889963137
seed_iv,emotion,deep_convnet,11,subject_key,raw_spectral,within_class_groups,3,0.3333333333333333,0.9986937770802312,2.9960813312406938
seed_iv,emotion,deep_convnet,11,stimulus_key,learned,subject_holdout,72,0.0138888888888888,0.037420516727958,2.6942772044129777
seed_iv,emotion,deep_convnet,11,stimulus_key,raw_spectral,subject_holdout,72,0.0138888888888888,0.0053725081502859,0.3868205868205868
seed_iv,emotion,deep_convnet,11,session_key,learned,within_class_groups,3,0.3333333333333333,0.6489766287981735,1.9469298863945208
seed_iv,emotion,deep_convnet,11,session_key,raw_spectral,within_class_groups,3,0.3333333333333333,0.9987680700254934,2.99630421007648
seed_iv,emotion,deep_convnet,12,subject_key,learned,within_class_groups,3,0.3333333333333333,0.8677176821683448,2.6031530465050343
seed_iv,emotion,deep_convnet,12,subject_key,raw_spectral,within_class_groups,3,0.3333333333333333,0.9983405453417508,2.995021636025252
seed_iv,emotion,deep_convnet,12,stimulus_key,learned,subject_holdout,72,0.0138888888888888,0.011144294067563,0.8023891728645404
seed_iv,emotion,deep_convnet,12,stimulus_key,raw_spectral,subject_holdout,72,0.0138888888888888,0.0250420875420875,1.8030303030303028
seed_iv,emotion,deep_convnet,12,session_key,learned,within_class_groups,3,0.3333333333333333,0.6705176887040188,2.0115530661120564
seed_iv,emotion,deep_convnet,12,session_key,raw_spectral,within_class_groups,3,0.3333333333333333,0.9973740047477994,2.992122014243398
seed_iv,emotion,deep_convnet,13,subject_key,learned,within_class_groups,3,0.3333333333333333,0.8379020367135509,2.5137061101406526
seed_iv,emotion,deep_convnet,13,subject_key,raw_spectral,within_class_groups,3,0.3333333333333333,0.9995769881556684,2.998730964467005
seed_iv,emotion,deep_convnet,13,stimulus_key,learned,subject_holdout,72,0.0138888888888888,0.0194544295429473,1.4007189270922065
seed_iv,emotion,deep_convnet,13,stimulus_key,raw_spectral,subject_holdout,72,0.0138888888888888,0.0027623064729767,0.1988860660543287
seed_iv,emotion,deep_convnet,13,session_key,learned,within_class_groups,3,0.3333333333333333,0.7312726074217633,2.1938178222652898
seed_iv,emotion,deep_convnet,13,session_key,raw_spectral,within_class_groups,3,0.3333333333333333,0.9967306002836022,2.9901918008508064
seed_iv,emotion,deep_convnet,14,subject_key,learned,within_class_groups,3,0.3333333333333333,0.9097568925295184,2.729270677588556
seed_iv,emotion,deep_convnet,14,subject_key,raw_spectral,within_class_groups,3,0.3333333333333333,0.9978401193654044,2.9935203580962133
seed_iv,emotion,deep_convnet,14,stimulus_key,learned,subject_holdout,72,0.0138888888888888,0.0154595089383003,1.1130846435576232
seed_iv,emotion,deep_convnet,14,stimulus_key,raw_spectral,subject_holdout,72,0.0138888888888888,0.0202390754417257,1.4572134318042531
seed_iv,emotion,deep_convnet,14,session_key,learned,within_class_groups,3,0.3333333333333333,0.7129408275023463,2.138822482507039
seed_iv,emotion,deep_convnet,14,session_key,raw_spectral,within_class_groups,3,0.3333333333333333,0.9915058704823528,2.9745176114470584
seed_iv,emotion,deep_convnet,15,subject_key,learned,within_class_groups,3,0.3333333333333333,0.8465394499209203,2.539618349762761
seed_iv,emotion,deep_convnet,15,subject_key,raw_spectral,within_class_groups,3,0.3333333333333333,1.0,3.0
seed_iv,emotion,deep_convnet,15,stimulus_key,learned,subject_holdout,72,0.0138888888888888,0.0164750473101592,1.1862034063314657
seed_iv,emotion,deep_convnet,15,stimulus_key,raw_spectral,subject_holdout,72,0.0138888888888888,0.0074389149721275,0.5356018779931824
seed_iv,emotion,deep_convnet,15,session_key,learned,within_class_groups,3,0.3333333333333333,0.5509148453993759,1.6527445361981274
seed_iv,emotion,deep_convnet,15,session_key,raw_spectral,within_class_groups,3,0.3333333333333333,0.9971532623714828,2.991459787114448
seed_iv,emotion,deep_convnet,2,subject_key,learned,within_class_groups,3,0.3333333333333333,0.8197760162316499,2.4593280486949496
seed_iv,emotion,deep_convnet,2,subject_key,raw_spectral,within_class_groups,3,0.3333333333333333,0.999136450829678,2.9974093524890337
seed_iv,emotion,deep_convnet,2,stimulus_key,learned,subject_holdout,72,0.0138888888888888,0.0234754147684722,1.6902298633299986
seed_iv,emotion,deep_convnet,2,stimulus_key,raw_spectral,subject_holdout,72,0.0138888888888888,0.0383468537343828,2.760973468875568
seed_iv,emotion,deep_convnet,2,session_key,learned,within_class_groups,3,0.3333333333333333,0.6289905521926293,1.886971656577888
seed_iv,emotion,deep_convnet,2,session_key,raw_spectral,within_class_groups,3,0.3333333333333333,0.9982083705943232,2.9946251117829696
seed_iv,emotion,deep_convnet,3,subject_key,learned,within_class_groups,3,0.3333333333333333,0.9123603817231756,2.7370811451695265
seed_iv,emotion,deep_convnet,3,subject_key,raw_spectral,within_class_groups,3,0.3333333333333333,0.9992035045798486,2.997610513739546
seed_iv,emotion,deep_convnet,3,stimulus_key,learned,subject_holdout,72,0.0138888888888888,0.0265807661213817,1.9138151607394844
seed_iv,emotion,deep_convnet,3,stimulus_key,raw_spectral,subject_holdout,72,0.0138888888888888,0.0182457129317032,1.3136913310826357
seed_iv,emotion,deep_convnet,3,session_key,learned,within_class_groups,3,0.3333333333333333,0.5621150386754631,1.6863451160263891
seed_iv,emotion,deep_convnet,3,session_key,raw_spectral,within_class_groups,3,0.3333333333333333,0.9988095238095238,2.9964285714285714
seed_iv,emotion,deep_convnet,4,subject_key,learned,within_class_groups,3,0.3333333333333333,0.789531810242937,2.368595430728811
seed_iv,emotion,deep_convnet,4,subject_key,raw_spectral,within_class_groups,3,0.3333333333333333,0.999176039220533,2.997528117661599
seed_iv,emotion,deep_convnet,4,stimulus_key,learned,subject_holdout,72,0.0138888888888888,0.0108312482241788,0.7798498721408782
seed_iv,emotion,deep_convnet,4,stimulus_key,raw_spectral,subject_holdout,72,0.0138888888888888,0.0194772228325675,1.402360043944867
seed_iv,emotion,deep_convnet,4,session_key,learned,within_class_groups,3,0.3333333333333333,0.6289609651597289,1.8868828954791868
seed_iv,emotion,deep_convnet,4,session_key,raw_spectral,within_class_groups,3,0.3333333333333333,0.9963922535384012,2.9891767606152038
seed_iv,emotion,deep_convnet,5,subject_key,learned,within_class_groups,3,0.3333333333333333,0.8828902908084402,2.6486708724253205
seed_iv,emotion,deep_convnet,5,subject_key,raw_spectral,within_class_groups,3,0.3333333333333333,0.9986608509335784,2.9959825528007347
seed_iv,emotion,deep_convnet,5,stimulus_key,learned,subject_holdout,72,0.0138888888888888,0.0190332208537582,1.3703919014705923
seed_iv,emotion,deep_convnet,5,stimulus_key,raw_spectral,subject_holdout,72,0.0138888888888888,0.0231405644791364,1.666120642497826
seed_iv,emotion,deep_convnet,5,session_key,learned,within_class_groups,3,0.3333333333333333,0.7643794358834352,2.2931383076503056
seed_iv,emotion,deep_convnet,5,session_key,raw_spectral,within_class_groups,3,0.3333333333333333,0.99737267919996,2.99211803759988
seed_iv,emotion,deep_convnet,6,subject_key,learned,within_class_groups,3,0.3333333333333333,0.7866178727839207,2.359853618351762
seed_iv,emotion,deep_convnet,6,subject_key,raw_spectral,within_class_groups,3,0.3333333333333333,0.9991463110429908,2.997438933128972
seed_iv,emotion,deep_convnet,6,stimulus_key,learned,subject_holdout,72,0.0138888888888888,0.0314442085518431,2.263983015732704
seed_iv,emotion,deep_convnet,6,stimulus_key,raw_spectral,subject_holdout,72,0.0138888888888888,0.0192476072650404,1.385827723082912
seed_iv,emotion,deep_convnet,6,session_key,learned,within_class_groups,3,0.3333333333333333,0.6364242778740355,1.9092728336221063
seed_iv,emotion,deep_convnet,6,session_key,raw_spectral,within_class_groups,3,0.3333333333333333,0.9995489400090212,2.9986468200270635
seed_iv,emotion,deep_convnet,7,subject_key,learned,within_class_groups,3,0.3333333333333333,0.7887307494307102,2.3661922482921307
seed_iv,emotion,deep_convnet,7,subject_key,raw_spectral,within_class_groups,3,0.3333333333333333,0.9983354140657512,2.9950062421972534
seed_iv,emotion,deep_convnet,7,stimulus_key,learned,subject_holdout,72,0.0138888888888888,0.0258050359111721,1.857962585604396
seed_iv,emotion,deep_convnet,7,stimulus_key,raw_spectral,subject_holdout,72,0.0138888888888888,0.0223084530514053,1.6062086197011876
seed_iv,emotion,deep_convnet,7,session_key,learned,within_class_groups,3,0.3333333333333333,0.7274066801969669,2.1822200405909005
seed_iv,emotion,deep_convnet,7,session_key,raw_spectral,within_class_groups,3,0.3333333333333333,0.9917443816985536,2.975233145095661
seed_iv,emotion,deep_convnet,8,subject_key,learned,within_class_groups,3,0.3333333333333333,0.7911601911156217,2.3734805733468654
seed_iv,emotion,deep_convnet,8,subject_key,raw_spectral,within_class_groups,3,0.3333333333333333,0.9987352373139174,2.9962057119417524
seed_iv,emotion,deep_convnet,8,stimulus_key,learned,subject_holdout,72,0.0138888888888888,0.0190348231315727,1.370507265473239
seed_iv,emotion,deep_convnet,8,stimulus_key,raw_spectral,subject_holdout,72,0.0138888888888888,0.0012783059351686,0.0920380273321449
seed_iv,emotion,deep_convnet,8,session_key,learned,within_class_groups,3,0.3333333333333333,0.6765574598479623,2.029672379543887
seed_iv,emotion,deep_convnet,8,session_key,raw_spectral,within_class_groups,3,0.3333333333333333,0.9987995198079233,2.9963985594237696
seed_iv,emotion,deep_convnet,9,subject_key,learned,within_class_groups,3,0.3333333333333333,0.8198967407205625,2.4596902221616874
seed_iv,emotion,deep_convnet,9,subject_key,raw_spectral,within_class_groups,3,0.3333333333333333,0.9978401193654044,2.9935203580962133
seed_iv,emotion,deep_convnet,9,stimulus_key,learned,subject_holdout,72,0.0138888888888888,0.0168431732262388,1.2127084722891983
seed_iv,emotion,deep_convnet,9,stimulus_key,raw_spectral,subject_holdout,72,0.0138888888888888,0.0192791303703121,1.3880973866624715
seed_iv,emotion,deep_convnet,9,session_key,learned,within_class_groups,3,0.3333333333333333,0.6421422128292427,1.926426638487728
seed_iv,emotion,deep_convnet,9,session_key,raw_spectral,within_class_groups,3,0.3333333333333333,0.9963846793208032,2.9891540379624093
seed_iv,emotion,eegnet,1,subject_key,learned,within_class_groups,3,0.3333333333333333,0.8809967768995409,2.642990330698623
seed_iv,emotion,eegnet,1,subject_key,raw_spectral,within_class_groups,3,0.3333333333333333,1.0,3.0
seed_iv,emotion,eegnet,1,stimulus_key,learned,subject_holdout,72,0.0138888888888888,0.0202088569371343,1.4550376994736751
seed_iv,emotion,eegnet,1,stimulus_key,raw_spectral,subject_holdout,72,0.0138888888888888,0.0162620603797074,1.1708683473389354
seed_iv,emotion,eegnet,1,session_key,learned,within_class_groups,3,0.3333333333333333,0.5539746097218622,1.661923829165587
seed_iv,emotion,eegnet,1,session_key,raw_spectral,within_class_groups,3,0.3333333333333333,0.9974539705109088,2.9923619115327265
seed_iv,emotion,eegnet,10,subject_key,learned,within_class_groups,3,0.3333333333333333,0.8482787838241664,2.544836351472499
seed_iv,emotion,eegnet,10,subject_key,raw_spectral,within_class_groups,3,0.3333333333333333,0.9995408631772268,2.9986225895316805
seed_iv,emotion,eegnet,10,stimulus_key,learned,subject_holdout,72,0.0138888888888888,0.0149866769860234,1.07904074299369
seed_iv,emotion,eegnet,10,stimulus_key,raw_spectral,subject_holdout,72,0.0138888888888888,0.0328108173049381,2.362378845955547
seed_iv,emotion,eegnet,10,session_key,learned,within_class_groups,3,0.3333333333333333,0.8077879414106865,2.42336382423206
seed_iv,emotion,eegnet,10,session_key,raw_spectral,within_class_groups,3,0.3333333333333333,0.998334585167508,2.995003755502524
seed_iv,emotion,eegnet,11,subject_key,learned,within_class_groups,3,0.3333333333333333,0.9363580641547068,2.8090741924641205
seed_iv,emotion,eegnet,11,subject_key,raw_spectral,within_class_groups,3,0.3333333333333333,0.9986937770802312,2.9960813312406938
seed_iv,emotion,eegnet,11,stimulus_key,learned,subject_holdout,72,0.0138888888888888,0.0292010749415751,2.102477395793412
seed_iv,emotion,eegnet,11,stimulus_key,raw_spectral,subject_holdout,72,0.0138888888888888,0.0053725081502859,0.3868205868205868
seed_iv,emotion,eegnet,11,session_key,learned,within_class_groups,3,0.3333333333333333,0.7178757115249379,2.1536271345748137
seed_iv,emotion,eegnet,11,session_key,raw_spectral,within_class_groups,3,0.3333333333333333,0.9987680700254934,2.99630421007648
seed_iv,emotion,eegnet,12,subject_key,learned,within_class_groups,3,0.3333333333333333,0.8624049346571653,2.587214803971496
seed_iv,emotion,eegnet,12,subject_key,raw_spectral,within_class_groups,3,0.3333333333333333,0.9983405453417508,2.995021636025252
seed_iv,emotion,eegnet,12,stimulus_key,learned,subject_holdout,72,0.0138888888888888,0.0078914802116641,0.5681865752398187
seed_iv,emotion,eegnet,12,stimulus_key,raw_spectral,subject_holdout,72,0.0138888888888888,0.0250420875420875,1.8030303030303028
seed_iv,emotion,eegnet,12,session_key,learned,within_class_groups,3,0.3333333333333333,0.7522478519358836,2.2567435558076507
seed_iv,emotion,eegnet,12,session_key,raw_spectral,within_class_groups,3,0.3333333333333333,0.9973740047477994,2.992122014243398
seed_iv,emotion,eegnet,13,subject_key,learned,within_class_groups,3,0.3333333333333333,0.8641829187464909,2.5925487562394727
seed_iv,emotion,eegnet,13,subject_key,raw_spectral,within_class_groups,3,0.3333333333333333,0.9995769881556684,2.998730964467005
seed_iv,emotion,eegnet,13,stimulus_key,learned,subject_holdout,72,0.0138888888888888,0.0257590236738307,1.8546497045158128
seed_iv,emotion,eegnet,13,stimulus_key,raw_spectral,subject_holdout,72,0.0138888888888888,0.0027623064729767,0.1988860660543287
seed_iv,emotion,eegnet,13,session_key,learned,within_class_groups,3,0.3333333333333333,0.718224245006609,2.154672735019827
seed_iv,emotion,eegnet,13,session_key,raw_spectral,within_class_groups,3,0.3333333333333333,0.9967306002836022,2.9901918008508064
seed_iv,emotion,eegnet,14,subject_key,learned,within_class_groups,3,0.3333333333333333,0.851828442611656,2.555485327834968
seed_iv,emotion,eegnet,14,subject_key,raw_spectral,within_class_groups,3,0.3333333333333333,0.9978401193654044,2.9935203580962133
seed_iv,emotion,eegnet,14,stimulus_key,learned,subject_holdout,72,0.0138888888888888,0.0146555952769911,1.0552028599433627
seed_iv,emotion,eegnet,14,stimulus_key,raw_spectral,subject_holdout,72,0.0138888888888888,0.0202390754417257,1.4572134318042531
seed_iv,emotion,eegnet,14,session_key,learned,within_class_groups,3,0.3333333333333333,0.6719588588655024,2.0158765765965074
seed_iv,emotion,eegnet,14,session_key,raw_spectral,within_class_groups,3,0.3333333333333333,0.9915058704823528,2.9745176114470584
seed_iv,emotion,eegnet,15,subject_key,learned,within_class_groups,3,0.3333333333333333,0.88915867123657,2.66747601370971
seed_iv,emotion,eegnet,15,subject_key,raw_spectral,within_class_groups,3,0.3333333333333333,1.0,3.0
seed_iv,emotion,eegnet,15,stimulus_key,learned,subject_holdout,72,0.0138888888888888,0.0139348626072941,1.003310107725176
seed_iv,emotion,eegnet,15,stimulus_key,raw_spectral,subject_holdout,72,0.0138888888888888,0.0074389149721275,0.5356018779931824
seed_iv,emotion,eegnet,15,session_key,learned,within_class_groups,3,0.3333333333333333,0.6371058860978276,1.9113176582934828
seed_iv,emotion,eegnet,15,session_key,raw_spectral,within_class_groups,3,0.3333333333333333,0.9971532623714828,2.991459787114448
seed_iv,emotion,eegnet,2,subject_key,learned,within_class_groups,3,0.3333333333333333,0.789445023573887,2.368335070721661
seed_iv,emotion,eegnet,2,subject_key,raw_spectral,within_class_groups,3,0.3333333333333333,0.999136450829678,2.9974093524890337
seed_iv,emotion,eegnet,2,stimulus_key,learned,subject_holdout,72,0.0138888888888888,0.016016538716286,1.1531907875725924
seed_iv,emotion,eegnet,2,stimulus_key,raw_spectral,subject_holdout,72,0.0138888888888888,0.0383468537343828,2.760973468875568
seed_iv,emotion,eegnet,2,session_key,learned,within_class_groups,3,0.3333333333333333,0.5388817113765793,1.6166451341297376
seed_iv,emotion,eegnet,2,session_key,raw_spectral,within_class_groups,3,0.3333333333333333,0.9982083705943232,2.9946251117829696
seed_iv,emotion,eegnet,3,subject_key,learned,within_class_groups,3,0.3333333333333333,0.8686266157803769,2.605879847341131
seed_iv,emotion,eegnet,3,subject_key,raw_spectral,within_class_groups,3,0.3333333333333333,0.9992035045798486,2.997610513739546
seed_iv,emotion,eegnet,3,stimulus_key,learned,subject_holdout,72,0.0138888888888888,0.0178812180045022,1.2874476963241626
seed_iv,emotion,eegnet,3,stimulus_key,raw_spectral,subject_holdout,72,0.0138888888888888,0.0182457129317032,1.3136913310826357
seed_iv,emotion,eegnet,3,session_key,learned,within_class_groups,3,0.3333333333333333,0.6282903015662161,1.8848709046986485
seed_iv,emotion,eegnet,3,session_key,raw_spectral,within_class_groups,3,0.3333333333333333,0.9988095238095238,2.9964285714285714
seed_iv,emotion,eegnet,4,subject_key,learned,within_class_groups,3,0.3333333333333333,0.8854453734436557,2.656336120330967
seed_iv,emotion,eegnet,4,subject_key,raw_spectral,within_class_groups,3,0.3333333333333333,0.999176039220533,2.997528117661599
seed_iv,emotion,eegnet,4,stimulus_key,learned,subject_holdout,72,0.0138888888888888,0.0188461570752788,1.3569233094200743
seed_iv,emotion,eegnet,4,stimulus_key,raw_spectral,subject_holdout,72,0.0138888888888888,0.0194772228325675,1.402360043944867
seed_iv,emotion,eegnet,4,session_key,learned,within_class_groups,3,0.3333333333333333,0.6124118363709209,1.8372355091127628
seed_iv,emotion,eegnet,4,session_key,raw_spectral,within_class_groups,3,0.3333333333333333,0.9963922535384012,2.9891767606152038
seed_iv,emotion,eegnet,5,subject_key,learned,within_class_groups,3,0.3333333333333333,0.8577913558097965,2.573374067429389
seed_iv,emotion,eegnet,5,subject_key,raw_spectral,within_class_groups,3,0.3333333333333333,0.9986608509335784,2.9959825528007347
seed_iv,emotion,eegnet,5,stimulus_key,learned,subject_holdout,72,0.0138888888888888,0.0152227243449531,1.0960361528366278
seed_iv,emotion,eegnet,5,stimulus_key,raw_spectral,subject_holdout,72,0.0138888888888888,0.0231405644791364,1.666120642497826
seed_iv,emotion,eegnet,5,session_key,learned,within_class_groups,3,0.3333333333333333,0.7580259908904131,2.2740779726712392
seed_iv,emotion,eegnet,5,session_key,raw_spectral,within_class_groups,3,0.3333333333333333,0.99737267919996,2.99211803759988
seed_iv,emotion,eegnet,6,subject_key,learned,within_class_groups,3,0.3333333333333333,0.8533439981495632,2.5600319944486896
seed_iv,emotion,eegnet,6,subject_key,raw_spectral,within_class_groups,3,0.3333333333333333,0.9991463110429908,2.997438933128972
seed_iv,emotion,eegnet,6,stimulus_key,learned,subject_holdout,72,0.0138888888888888,0.0189601633246458,1.3651317593744987
seed_iv,emotion,eegnet,6,stimulus_key,raw_spectral,subject_holdout,72,0.0138888888888888,0.0192476072650404,1.385827723082912
seed_iv,emotion,eegnet,6,session_key,learned,within_class_groups,3,0.3333333333333333,0.7045250551582197,2.1135751654746597
seed_iv,emotion,eegnet,6,session_key,raw_spectral,within_class_groups,3,0.3333333333333333,0.9995489400090212,2.9986468200270635
seed_iv,emotion,eegnet,7,subject_key,learned,within_class_groups,3,0.3333333333333333,0.8009904587597454,2.402971376279236
seed_iv,emotion,eegnet,7,subject_key,raw_spectral,within_class_groups,3,0.3333333333333333,0.9983354140657512,2.9950062421972534
seed_iv,emotion,eegnet,7,stimulus_key,learned,subject_holdout,72,0.0138888888888888,0.0219873581582287,1.5830897873924683
seed_iv,emotion,eegnet,7,stimulus_key,raw_spectral,subject_holdout,72,0.0138888888888888,0.0223084530514053,1.6062086197011876
seed_iv,emotion,eegnet,7,session_key,learned,within_class_groups,3,0.3333333333333333,0.7300527250870424,2.190158175261127
seed_iv,emotion,eegnet,7,session_key,raw_spectral,within_class_groups,3,0.3333333333333333,0.9917443816985536,2.975233145095661
seed_iv,emotion,eegnet,8,subject_key,learned,within_class_groups,3,0.3333333333333333,0.7568082546087064,2.270424763826119
seed_iv,emotion,eegnet,8,subject_key,raw_spectral,within_class_groups,3,0.3333333333333333,0.9987352373139174,2.9962057119417524
seed_iv,emotion,eegnet,8,stimulus_key,learned,subject_holdout,72,0.0138888888888888,0.0126247023775661,0.908978571184764
seed_iv,emotion,eegnet,8,stimulus_key,raw_spectral,subject_holdout,72,0.0138888888888888,0.0012783059351686,0.0920380273321449
seed_iv,emotion,eegnet,8,session_key,learned,within_class_groups,3,0.3333333333333333,0.6126017308969577,1.837805192690873
seed_iv,emotion,eegnet,8,session_key,raw_spectral,within_class_groups,3,0.3333333333333333,0.9987995198079233,2.9963985594237696
seed_iv,emotion,eegnet,9,subject_key,learned,within_class_groups,3,0.3333333333333333,0.8391716863593363,2.5175150590780087
seed_iv,emotion,eegnet,9,subject_key,raw_spectral,within_class_groups,3,0.3333333333333333,0.9978401193654044,2.9935203580962133
seed_iv,emotion,eegnet,9,stimulus_key,learned,subject_holdout,72,0.0138888888888888,0.0164665635963048,1.1855925789339508
seed_iv,emotion,eegnet,9,stimulus_key,raw_spectral,subject_holdout,72,0.0138888888888888,0.0192791303703121,1.3880973866624715
seed_iv,emotion,eegnet,9,session_key,learned,within_class_groups,3,0.3333333333333333,0.6676196151534359,2.002858845460308
seed_iv,emotion,eegnet,9,session_key,raw_spectral,within_class_groups,3,0.3333333333333333,0.9963846793208032,2.9891540379624093
seed_iv,emotion,shallow_convnet,1,subject_key,learned,within_class_groups,3,0.3333333333333333,0.969040023713871,2.907120071141613
seed_iv,emotion,shallow_convnet,1,subject_key,raw_spectral,within_class_groups,3,0.3333333333333333,1.0,3.0
seed_iv,emotion,shallow_convnet,1,stimulus_key,learned,subject_holdout,72,0.0138888888888888,0.0250659156761401,1.8047459286820915
seed_iv,emotion,shallow_convnet,1,stimulus_key,raw_spectral,subject_holdout,72,0.0138888888888888,0.0162620603797074,1.1708683473389354
seed_iv,emotion,shallow_convnet,1,session_key,learned,within_class_groups,3,0.3333333333333333,0.6937738717824457,2.081321615347337
seed_iv,emotion,shallow_convnet,1,session_key,raw_spectral,within_class_groups,3,0.3333333333333333,0.9974539705109088,2.9923619115327265
seed_iv,emotion,shallow_convnet,10,subject_key,learned,within_class_groups,3,0.3333333333333333,0.9693485158057128,2.9080455474171383
seed_iv,emotion,shallow_convnet,10,subject_key,raw_spectral,within_class_groups,3,0.3333333333333333,0.9995408631772268,2.9986225895316805
seed_iv,emotion,shallow_convnet,10,stimulus_key,learned,subject_holdout,72,0.0138888888888888,0.0238885243294422,1.7199737517198406
seed_iv,emotion,shallow_convnet,10,stimulus_key,raw_spectral,subject_holdout,72,0.0138888888888888,0.0328108173049381,2.362378845955547
seed_iv,emotion,shallow_convnet,10,session_key,learned,within_class_groups,3,0.3333333333333333,0.9210913650071734,2.76327409502152
seed_iv,emotion,shallow_convnet,10,session_key,raw_spectral,within_class_groups,3,0.3333333333333333,0.998334585167508,2.995003755502524
seed_iv,emotion,shallow_convnet,11,subject_key,learned,within_class_groups,3,0.3333333333333333,0.9916553993236586,2.974966197970976
seed_iv,emotion,shallow_convnet,11,subject_key,raw_spectral,within_class_groups,3,0.3333333333333333,0.9986937770802312,2.9960813312406938
seed_iv,emotion,shallow_convnet,11,stimulus_key,learned,subject_holdout,72,0.0138888888888888,0.0188051230826638,1.3539688619517962
seed_iv,emotion,shallow_convnet,11,stimulus_key,raw_spectral,subject_holdout,72,0.0138888888888888,0.0053725081502859,0.3868205868205868
seed_iv,emotion,shallow_convnet,11,session_key,learned,within_class_groups,3,0.3333333333333333,0.7674911182657534,2.3024733547972605
seed_iv,emotion,shallow_convnet,11,session_key,raw_spectral,within_class_groups,3,0.3333333333333333,0.9987680700254934,2.99630421007648
seed_iv,emotion,shallow_convnet,12,subject_key,learned,within_class_groups,3,0.3333333333333333,0.9909947571245784,2.9729842713737358
seed_iv,emotion,shallow_convnet,12,subject_key,raw_spectral,within_class_groups,3,0.3333333333333333,0.9983405453417508,2.995021636025252
seed_iv,emotion,shallow_convnet,12,stimulus_key,learned,subject_holdout,72,0.0138888888888888,0.0178692750863543,1.2865878062175151
seed_iv,emotion,shallow_convnet,12,stimulus_key,raw_spectral,subject_holdout,72,0.0138888888888888,0.0250420875420875,1.8030303030303028
seed_iv,emotion,shallow_convnet,12,session_key,learned,within_class_groups,3,0.3333333333333333,0.8667990168273776,2.6003970504821328
seed_iv,emotion,shallow_convnet,12,session_key,raw_spectral,within_class_groups,3,0.3333333333333333,0.9973740047477994,2.992122014243398
seed_iv,emotion,shallow_convnet,13,subject_key,learned,within_class_groups,3,0.3333333333333333,0.9241461668509298,2.772438500552789
seed_iv,emotion,shallow_convnet,13,subject_key,raw_spectral,within_class_groups,3,0.3333333333333333,0.9995769881556684,2.998730964467005
seed_iv,emotion,shallow_convnet,13,stimulus_key,learned,subject_holdout,72,0.0138888888888888,0.0171321404434291,1.2335141119268975
seed_iv,emotion,shallow_convnet,13,stimulus_key,raw_spectral,subject_holdout,72,0.0138888888888888,0.0027623064729767,0.1988860660543287
seed_iv,emotion,shallow_convnet,13,session_key,learned,within_class_groups,3,0.3333333333333333,0.7828003622914504,2.3484010868743512
seed_iv,emotion,shallow_convnet,13,session_key,raw_spectral,within_class_groups,3,0.3333333333333333,0.9967306002836022,2.9901918008508064
seed_iv,emotion,shallow_convnet,14,subject_key,learned,within_class_groups,3,0.3333333333333333,0.9539404884193896,2.861821465258169
seed_iv,emotion,shallow_convnet,14,subject_key,raw_spectral,within_class_groups,3,0.3333333333333333,0.9978401193654044,2.9935203580962133
seed_iv,emotion,shallow_convnet,14,stimulus_key,learned,subject_holdout,72,0.0138888888888888,0.0200747314264509,1.4453806627044692
seed_iv,emotion,shallow_convnet,14,stimulus_key,raw_spectral,subject_holdout,72,0.0138888888888888,0.0202390754417257,1.4572134318042531
seed_iv,emotion,shallow_convnet,14,session_key,learned,within_class_groups,3,0.3333333333333333,0.7921100018032678,2.3763300054098035
seed_iv,emotion,shallow_convnet,14,session_key,raw_spectral,within_class_groups,3,0.3333333333333333,0.9915058704823528,2.9745176114470584
seed_iv,emotion,shallow_convnet,15,subject_key,learned,within_class_groups,3,0.3333333333333333,0.977281312288076,2.931843936864228
seed_iv,emotion,shallow_convnet,15,subject_key,raw_spectral,within_class_groups,3,0.3333333333333333,1.0,3.0
seed_iv,emotion,shallow_convnet,15,stimulus_key,learned,subject_holdout,72,0.0138888888888888,0.0146568041761911,1.0552899006857626
seed_iv,emotion,shallow_convnet,15,stimulus_key,raw_spectral,subject_holdout,72,0.0138888888888888,0.0074389149721275,0.5356018779931824
seed_iv,emotion,shallow_convnet,15,session_key,learned,within_class_groups,3,0.3333333333333333,0.696900381913478,2.090701145740434
seed_iv,emotion,shallow_convnet,15,session_key,raw_spectral,within_class_groups,3,0.3333333333333333,0.9971532623714828,2.991459787114448
seed_iv,emotion,shallow_convnet,2,subject_key,learned,within_class_groups,3,0.3333333333333333,0.9745719270695148,2.9237157812085446
seed_iv,emotion,shallow_convnet,2,subject_key,raw_spectral,within_class_groups,3,0.3333333333333333,0.999136450829678,2.9974093524890337
seed_iv,emotion,shallow_convnet,2,stimulus_key,learned,subject_holdout,72,0.0138888888888888,0.0367701687775551,2.647452151983968
seed_iv,emotion,shallow_convnet,2,stimulus_key,raw_spectral,subject_holdout,72,0.0138888888888888,0.0383468537343828,2.760973468875568
seed_iv,emotion,shallow_convnet,2,session_key,learned,within_class_groups,3,0.3333333333333333,0.7755621934023043,2.3266865802069128
seed_iv,emotion,shallow_convnet,2,session_key,raw_spectral,within_class_groups,3,0.3333333333333333,0.9982083705943232,2.9946251117829696
seed_iv,emotion,shallow_convnet,3,subject_key,learned,within_class_groups,3,0.3333333333333333,0.9858663447081022,2.9575990341243066
seed_iv,emotion,shallow_convnet,3,subject_key,raw_spectral,within_class_groups,3,0.3333333333333333,0.9992035045798486,2.997610513739546
seed_iv,emotion,shallow_convnet,3,stimulus_key,learned,subject_holdout,72,0.0138888888888888,0.021366788736773,1.5384087890476628
seed_iv,emotion,shallow_convnet,3,stimulus_key,raw_spectral,subject_holdout,72,0.0138888888888888,0.0182457129317032,1.3136913310826357
seed_iv,emotion,shallow_convnet,3,session_key,learned,within_class_groups,3,0.3333333333333333,0.678952539714237,2.036857619142711
seed_iv,emotion,shallow_convnet,3,session_key,raw_spectral,within_class_groups,3,0.3333333333333333,0.9988095238095238,2.9964285714285714
seed_iv,emotion,shallow_convnet,4,subject_key,learned,within_class_groups,3,0.3333333333333333,0.9803825173489212,2.941147552046764
seed_iv,emotion,shallow_convnet,4,subject_key,raw_spectral,within_class_groups,3,0.3333333333333333,0.999176039220533,2.997528117661599
seed_iv,emotion,shallow_convnet,4,stimulus_key,learned,subject_holdout,72,0.0138888888888888,0.014873293869408,1.070877158597376
seed_iv,emotion,shallow_convnet,4,stimulus_key,raw_spectral,subject_holdout,72,0.0138888888888888,0.0194772228325675,1.402360043944867
seed_iv,emotion,shallow_convnet,4,session_key,learned,within_class_groups,3,0.3333333333333333,0.7275956042877817,2.182786812863345
seed_iv,emotion,shallow_convnet,4,session_key,raw_spectral,within_class_groups,3,0.3333333333333333,0.9963922535384012,2.9891767606152038
seed_iv,emotion,shallow_convnet,5,subject_key,learned,within_class_groups,3,0.3333333333333333,0.9858046114112112,2.9574138342336336
seed_iv,emotion,shallow_convnet,5,subject_key,raw_spectral,within_class_groups,3,0.3333333333333333,0.9986608509335784,2.9959825528007347
seed_iv,emotion,shallow_convnet,5,stimulus_key,learned,subject_holdout,72,0.0138888888888888,0.0209264253897717,1.5067026280635627
seed_iv,emotion,shallow_convnet,5,stimulus_key,raw_spectral,subject_holdout,72,0.0138888888888888,0.0231405644791364,1.666120642497826
seed_iv,emotion,shallow_convnet,5,session_key,learned,within_class_groups,3,0.3333333333333333,0.8541653446793293,2.562496034037988
seed_iv,emotion,shallow_convnet,5,session_key,raw_spectral,within_class_groups,3,0.3333333333333333,0.99737267919996,2.99211803759988
seed_iv,emotion,shallow_convnet,6,subject_key,learned,within_class_groups,3,0.3333333333333333,0.979998264734781,2.939994794204343
seed_iv,emotion,shallow_convnet,6,subject_key,raw_spectral,within_class_groups,3,0.3333333333333333,0.9991463110429908,2.997438933128972
seed_iv,emotion,shallow_convnet,6,stimulus_key,learned,subject_holdout,72,0.0138888888888888,0.0139631450280528,1.005346442019807
seed_iv,emotion,shallow_convnet,6,stimulus_key,raw_spectral,subject_holdout,72,0.0138888888888888,0.0192476072650404,1.385827723082912
seed_iv,emotion,shallow_convnet,6,session_key,learned,within_class_groups,3,0.3333333333333333,0.8696314958631876,2.6088944875895628
seed_iv,emotion,shallow_convnet,6,session_key,raw_spectral,within_class_groups,3,0.3333333333333333,0.9995489400090212,2.9986468200270635
seed_iv,emotion,shallow_convnet,7,subject_key,learned,within_class_groups,3,0.3333333333333333,0.9681058034410938,2.9043174103232814
seed_iv,emotion,shallow_convnet,7,subject_key,raw_spectral,within_class_groups,3,0.3333333333333333,0.9983354140657512,2.9950062421972534
seed_iv,emotion,shallow_convnet,7,stimulus_key,learned,subject_holdout,72,0.0138888888888888,0.0228781988492988,1.6472303171495155
seed_iv,emotion,shallow_convnet,7,stimulus_key,raw_spectral,subject_holdout,72,0.0138888888888888,0.0223084530514053,1.6062086197011876
seed_iv,emotion,shallow_convnet,7,session_key,learned,within_class_groups,3,0.3333333333333333,0.8744514941074425,2.623354482322328
seed_iv,emotion,shallow_convnet,7,session_key,raw_spectral,within_class_groups,3,0.3333333333333333,0.9917443816985536,2.975233145095661
seed_iv,emotion,shallow_convnet,8,subject_key,learned,within_class_groups,3,0.3333333333333333,0.923271239359752,2.769813718079256
seed_iv,emotion,shallow_convnet,8,subject_key,raw_spectral,within_class_groups,3,0.3333333333333333,0.9987352373139174,2.9962057119417524
seed_iv,emotion,shallow_convnet,8,stimulus_key,learned,subject_holdout,72,0.0138888888888888,0.0148459138082454,1.068905794193669
seed_iv,emotion,shallow_convnet,8,stimulus_key,raw_spectral,subject_holdout,72,0.0138888888888888,0.0012783059351686,0.0920380273321449
seed_iv,emotion,shallow_convnet,8,session_key,learned,within_class_groups,3,0.3333333333333333,0.7318851494970612,2.195655448491184
seed_iv,emotion,shallow_convnet,8,session_key,raw_spectral,within_class_groups,3,0.3333333333333333,0.9987995198079233,2.9963985594237696
seed_iv,emotion,shallow_convnet,9,subject_key,learned,within_class_groups,3,0.3333333333333333,0.9573952628873852,2.872185788662156
seed_iv,emotion,shallow_convnet,9,subject_key,raw_spectral,within_class_groups,3,0.3333333333333333,0.9978401193654044,2.9935203580962133
seed_iv,emotion,shallow_convnet,9,stimulus_key,learned,subject_holdout,72,0.0138888888888888,0.017293550001564,1.245135600112614
seed_iv,emotion,shallow_convnet,9,stimulus_key,raw_spectral,subject_holdout,72,0.0138888888888888,0.0192791303703121,1.3880973866624715
seed_iv,emotion,shallow_convnet,9,session_key,learned,within_class_groups,3,0.3333333333333333,0.7448597355377663,2.234579206613299
seed_iv,emotion,shallow_convnet,9,session_key,raw_spectral,within_class_groups,3,0.3333333333333333,0.9963846793208032,2.9891540379624093
