target_subject,seed_index,ba,source,target_dataset,target,pipeline
0,0,0.4615384615384615,deap,dreamer,arousal,channel_pooled_spectral_lr
1,0,0.5,deap,dreamer,arousal,channel_pooled_spectral_lr
2,0,0.5,deap,dreamer,arousal,channel_pooled_spectral_lr
3,0,0.5846153846153846,deap,dreamer,arousal,channel_pooled_spectral_lr
4,0,0.4125,deap,dreamer,arousal,channel_pooled_spectral_lr
5,0,0.5,deap,dreamer,arousal,channel_pooled_spectral_lr
6,0,0.5,deap,dreamer,arousal,channel_pooled_spectral_lr
7,0,0.5,deap,dreamer,arousal,channel_pooled_spectral_lr
8,0,0.5,deap,dreamer,arousal,channel_pooled_spectral_lr
9,0,0.5,deap,dreamer,arousal,channel_pooled_spectral_lr
10,0,0.5,deap,dreamer,arousal,channel_pooled_spectral_lr
11,0,0.5,deap,dreamer,arousal,channel_pooled_spectral_lr
12,0,0.5,deap,dreamer,arousal,channel_pooled_spectral_lr
13,0,0.5,deap,dreamer,arousal,channel_pooled_spectral_lr
14,0,0.3888888888888888,deap,dreamer,arousal,channel_pooled_spectral_lr
15,0,0.5,deap,dreamer,arousal,channel_pooled_spectral_lr
16,0,0.5,deap,dreamer,arousal,channel_pooled_spectral_lr
17,0,0.5,deap,dreamer,arousal,channel_pooled_spectral_lr
18,0,0.5,deap,dreamer,arousal,channel_pooled_spectral_lr
19,0,0.5,deap,dreamer,arousal,channel_pooled_spectral_lr
20,0,0.5,deap,dreamer,arousal,channel_pooled_spectral_lr
21,0,0.5,deap,dreamer,arousal,channel_pooled_spectral_lr
22,0,0.5,deap,dreamer,arousal,channel_pooled_spectral_lr
s01.dat,0,0.5,dreamer,deap,arousal,channel_pooled_spectral_lr
s02.dat,0,0.5104166666666666,dreamer,deap,arousal,channel_pooled_spectral_lr
s03.dat,0,0.5,dreamer,deap,arousal,channel_pooled_spectral_lr
s04.dat,0,0.5,dreamer,deap,arousal,channel_pooled_spectral_lr
s05.dat,0,0.4899749373433584,dreamer,deap,arousal,channel_pooled_spectral_lr
s06.dat,0,0.5,dreamer,deap,arousal,channel_pooled_spectral_lr
s07.dat,0,0.5,dreamer,deap,arousal,channel_pooled_spectral_lr
s08.dat,0,0.5051150895140666,dreamer,deap,arousal,channel_pooled_spectral_lr
s09.dat,0,0.5,dreamer,deap,arousal,channel_pooled_spectral_lr
s10.dat,0,0.4747474747474747,dreamer,deap,arousal,channel_pooled_spectral_lr
s11.dat,0,0.5,dreamer,deap,arousal,channel_pooled_spectral_lr
s12.dat,0,0.5,dreamer,deap,arousal,channel_pooled_spectral_lr
s13.dat,0,0.5441176470588235,dreamer,deap,arousal,channel_pooled_spectral_lr
s14.dat,0,0.5,dreamer,deap,arousal,channel_pooled_spectral_lr
s15.dat,0,0.6077694235588972,dreamer,deap,arousal,channel_pooled_spectral_lr
s16.dat,0,0.6,dreamer,deap,arousal,channel_pooled_spectral_lr
s17.dat,0,0.5104166666666667,dreamer,deap,arousal,channel_pooled_spectral_lr
s18.dat,0,0.5,dreamer,deap,arousal,channel_pooled_spectral_lr
s19.dat,0,0.5,dreamer,deap,arousal,channel_pooled_spectral_lr
s20.dat,0,0.482078853046595,dreamer,deap,arousal,channel_pooled_spectral_lr
s21.dat,0,0.5,dreamer,deap,arousal,channel_pooled_spectral_lr
s22.dat,0,0.5,dreamer,deap,arousal,channel_pooled_spectral_lr
s23.dat,0,0.5,dreamer,deap,arousal,channel_pooled_spectral_lr
s24.dat,0,0.5,dreamer,deap,arousal,channel_pooled_spectral_lr
s25.dat,0,0.5,dreamer,deap,arousal,channel_pooled_spectral_lr
s26.dat,0,0.4948849104859335,dreamer,deap,arousal,channel_pooled_spectral_lr
s27.dat,0,0.5,dreamer,deap,arousal,channel_pooled_spectral_lr
s28.dat,0,0.5,dreamer,deap,arousal,channel_pooled_spectral_lr
s29.dat,0,0.4133333333333333,dreamer,deap,arousal,channel_pooled_spectral_lr
s30.dat,0,0.5263157894736842,dreamer,deap,arousal,channel_pooled_spectral_lr
s31.dat,0,0.5,dreamer,deap,arousal,channel_pooled_spectral_lr
s32.dat,0,0.4615384615384615,dreamer,deap,arousal,channel_pooled_spectral_lr
0,0,0.7777777777777778,deap,dreamer,valence,channel_pooled_spectral_lr
1,0,0.5230769230769231,deap,dreamer,valence,channel_pooled_spectral_lr
2,0,0.4125,deap,dreamer,valence,channel_pooled_spectral_lr
3,0,0.2678571428571428,deap,dreamer,valence,channel_pooled_spectral_lr
4,0,0.5833333333333334,deap,dreamer,valence,channel_pooled_spectral_lr
5,0,0.5,deap,dreamer,valence,channel_pooled_spectral_lr
6,0,0.5,deap,dreamer,valence,channel_pooled_spectral_lr
7,0,0.375,deap,dreamer,valence,channel_pooled_spectral_lr
8,0,0.4125,deap,dreamer,valence,channel_pooled_spectral_lr
9,0,0.5833333333333334,deap,dreamer,valence,channel_pooled_spectral_lr
10,0,0.5,deap,dreamer,valence,channel_pooled_spectral_lr
11,0,0.5,deap,dreamer,valence,channel_pooled_spectral_lr
12,0,0.4875,deap,dreamer,valence,channel_pooled_spectral_lr
13,0,0.5,deap,dreamer,valence,channel_pooled_spectral_lr
14,0,0.5153846153846154,deap,dreamer,valence,channel_pooled_spectral_lr
15,0,0.5,deap,dreamer,valence,channel_pooled_spectral_lr
16,0,0.5,deap,dreamer,valence,channel_pooled_spectral_lr
17,0,0.5,deap,dreamer,valence,channel_pooled_spectral_lr
18,0,0.5,deap,dreamer,valence,channel_pooled_spectral_lr
19,0,0.3333333333333333,deap,dreamer,valence,channel_pooled_spectral_lr
20,0,0.5,deap,dreamer,valence,channel_pooled_spectral_lr
21,0,0.5194805194805194,deap,dreamer,valence,channel_pooled_spectral_lr
22,0,0.5375,deap,dreamer,valence,channel_pooled_spectral_lr
s01.dat,0,0.5,dreamer,deap,valence,channel_pooled_spectral_lr
s02.dat,0,0.5,dreamer,deap,valence,channel_pooled_spectral_lr
s03.dat,0,0.5,dreamer,deap,valence,channel_pooled_spectral_lr
s04.dat,0,0.5,dreamer,deap,valence,channel_pooled_spectral_lr
s05.dat,0,0.5,dreamer,deap,valence,channel_pooled_spectral_lr
s06.dat,0,0.5,dreamer,deap,valence,channel_pooled_spectral_lr
s07.dat,0,0.5,dreamer,deap,valence,channel_pooled_spectral_lr
s08.dat,0,0.5,dreamer,deap,valence,channel_pooled_spectral_lr
s09.dat,0,0.5,dreamer,deap,valence,channel_pooled_spectral_lr
s10.dat,0,0.5,dreamer,deap,valence,channel_pooled_spectral_lr
s11.dat,0,0.5,dreamer,deap,valence,channel_pooled_spectral_lr
s12.dat,0,0.5,dreamer,deap,valence,channel_pooled_spectral_lr
s13.dat,0,0.5,dreamer,deap,valence,channel_pooled_spectral_lr
s14.dat,0,0.5,dreamer,deap,valence,channel_pooled_spectral_lr
s15.dat,0,0.5,dreamer,deap,valence,channel_pooled_spectral_lr
s16.dat,0,0.5,dreamer,deap,valence,channel_pooled_spectral_lr
s17.dat,0,0.5,dreamer,deap,valence,channel_pooled_spectral_lr
s18.dat,0,0.5,dreamer,deap,valence,channel_pooled_spectral_lr
s19.dat,0,0.5,dreamer,deap,valence,channel_pooled_spectral_lr
s20.dat,0,0.5,dreamer,deap,valence,channel_pooled_spectral_lr
s21.dat,0,0.5,dreamer,deap,valence,channel_pooled_spectral_lr
s22.dat,0,0.5,dreamer,deap,valence,channel_pooled_spectral_lr
s23.dat,0,0.5,dreamer,deap,valence,channel_pooled_spectral_lr
s24.dat,0,0.5,dreamer,deap,valence,channel_pooled_spectral_lr
s25.dat,0,0.5,dreamer,deap,valence,channel_pooled_spectral_lr
s26.dat,0,0.5,dreamer,deap,valence,channel_pooled_spectral_lr
s27.dat,0,0.5,dreamer,deap,valence,channel_pooled_spectral_lr
s28.dat,0,0.5,dreamer,deap,valence,channel_pooled_spectral_lr
s29.dat,0,0.5,dreamer,deap,valence,channel_pooled_spectral_lr
s30.dat,0,0.5,dreamer,deap,valence,channel_pooled_spectral_lr
s31.dat,0,0.5,dreamer,deap,valence,channel_pooled_spectral_lr
s32.dat,0,0.5,dreamer,deap,valence,channel_pooled_spectral_lr
0,0,0.5,deap,dreamer,valence,shared14_raw_spectral
1,0,0.5,deap,dreamer,valence,shared14_raw_spectral
2,0,0.575,deap,dreamer,valence,shared14_raw_spectral
3,0,0.6785714285714286,deap,dreamer,valence,shared14_raw_spectral
4,0,0.6666666666666666,deap,dreamer,valence,shared14_raw_spectral
5,0,0.5625,deap,dreamer,valence,shared14_raw_spectral
6,0,0.6923076923076923,deap,dreamer,valence,shared14_raw_spectral
7,0,0.4583333333333333,deap,dreamer,valence,shared14_raw_spectral
8,0,0.575,deap,dreamer,valence,shared14_raw_spectral
9,0,0.5416666666666666,deap,dreamer,valence,shared14_raw_spectral
10,0,0.5,deap,dreamer,valence,shared14_raw_spectral
11,0,0.3888888888888889,deap,dreamer,valence,shared14_raw_spectral
12,0,0.55,deap,dreamer,valence,shared14_raw_spectral
13,0,0.425,deap,dreamer,valence,shared14_raw_spectral
14,0,0.5846153846153846,deap,dreamer,valence,shared14_raw_spectral
15,0,0.4583333333333333,deap,dreamer,valence,shared14_raw_spectral
16,0,0.4583333333333333,deap,dreamer,valence,shared14_raw_spectral
17,0,0.5416666666666666,deap,dreamer,valence,shared14_raw_spectral
18,0,0.5,deap,dreamer,valence,shared14_raw_spectral
19,0,0.5833333333333334,deap,dreamer,valence,shared14_raw_spectral
20,0,0.5,deap,dreamer,valence,shared14_raw_spectral
21,0,0.5,deap,dreamer,valence,shared14_raw_spectral
22,0,0.5,deap,dreamer,valence,shared14_raw_spectral
0,0,0.5,deap,dreamer,valence,shared14_znorm_spectral
1,0,0.6230769230769231,deap,dreamer,valence,shared14_znorm_spectral
2,0,0.5,deap,dreamer,valence,shared14_znorm_spectral
3,0,0.5892857142857143,deap,dreamer,valence,shared14_znorm_spectral
4,0,0.5416666666666667,deap,dreamer,valence,shared14_znorm_spectral
5,0,0.5125,deap,dreamer,valence,shared14_znorm_spectral
6,0,0.6307692307692307,deap,dreamer,valence,shared14_znorm_spectral
7,0,0.4166666666666667,deap,dreamer,valence,shared14_znorm_spectral
8,0,0.5,deap,dreamer,valence,shared14_znorm_spectral
9,0,0.5416666666666666,deap,dreamer,valence,shared14_znorm_spectral
10,0,0.5,deap,dreamer,valence,shared14_znorm_spectral
11,0,0.3333333333333333,deap,dreamer,valence,shared14_znorm_spectral
12,0,0.3625,deap,dreamer,valence,shared14_znorm_spectral
13,0,0.5,deap,dreamer,valence,shared14_znorm_spectral
14,0,0.7846153846153847,deap,dreamer,valence,shared14_znorm_spectral
15,0,0.5416666666666666,deap,dreamer,valence,shared14_znorm_spectral
16,0,0.4583333333333333,deap,dreamer,valence,shared14_znorm_spectral
17,0,0.4166666666666667,deap,dreamer,valence,shared14_znorm_spectral
18,0,0.3888888888888889,deap,dreamer,valence,shared14_znorm_spectral
19,0,0.5,deap,dreamer,valence,shared14_znorm_spectral
20,0,0.375,deap,dreamer,valence,shared14_znorm_spectral
21,0,0.3701298701298701,deap,dreamer,valence,shared14_znorm_spectral
22,0,0.4125,deap,dreamer,valence,shared14_znorm_spectral
0,0,0.5555555555555556,deap,dreamer,valence,shared14_coral_spectral
1,0,0.4923076923076923,deap,dreamer,valence,shared14_coral_spectral
2,0,0.575,deap,dreamer,valence,shared14_coral_spectral
3,0,0.5357142857142857,deap,dreamer,valence,shared14_coral_spectral
4,0,0.3333333333333333,deap,dreamer,valence,shared14_coral_spectral
5,0,0.5,deap,dreamer,valence,shared14_coral_spectral
6,0,0.7307692307692308,deap,dreamer,valence,shared14_coral_spectral
7,0,0.5,deap,dreamer,valence,shared14_coral_spectral
8,0,0.5125,deap,dreamer,valence,shared14_coral_spectral
9,0,0.5,deap,dreamer,valence,shared14_coral_spectral
10,0,0.5,deap,dreamer,valence,shared14_coral_spectral
11,0,0.3888888888888888,deap,dreamer,valence,shared14_coral_spectral
12,0,0.6,deap,dreamer,valence,shared14_coral_spectral
13,0,0.5,deap,dreamer,valence,shared14_coral_spectral
14,0,0.6461538461538461,deap,dreamer,valence,shared14_coral_spectral
15,0,0.6666666666666666,deap,dreamer,valence,shared14_coral_spectral
16,0,0.4583333333333333,deap,dreamer,valence,shared14_coral_spectral
17,0,0.5416666666666667,deap,dreamer,valence,shared14_coral_spectral
18,0,0.5555555555555556,deap,dreamer,valence,shared14_coral_spectral
19,0,0.6666666666666666,deap,dreamer,valence,shared14_coral_spectral
20,0,0.25,deap,dreamer,valence,shared14_coral_spectral
21,0,0.3636363636363636,deap,dreamer,valence,shared14_coral_spectral
22,0,0.45,deap,dreamer,valence,shared14_coral_spectral
0,0,0.5,deap,dreamer,arousal,shared14_raw_spectral
1,0,0.5,deap,dreamer,arousal,shared14_raw_spectral
2,0,0.5,deap,dreamer,arousal,shared14_raw_spectral
3,0,0.5,deap,dreamer,arousal,shared14_raw_spectral
4,0,0.5,deap,dreamer,arousal,shared14_raw_spectral
5,0,0.5,deap,dreamer,arousal,shared14_raw_spectral
6,0,0.5,deap,dreamer,arousal,shared14_raw_spectral
7,0,0.5,deap,dreamer,arousal,shared14_raw_spectral
8,0,0.5,deap,dreamer,arousal,shared14_raw_spectral
9,0,0.5,deap,dreamer,arousal,shared14_raw_spectral
10,0,0.5,deap,dreamer,arousal,shared14_raw_spectral
11,0,0.5875,deap,dreamer,arousal,shared14_raw_spectral
12,0,0.475,deap,dreamer,arousal,shared14_raw_spectral
13,0,0.4166666666666666,deap,dreamer,arousal,shared14_raw_spectral
14,0,0.5555555555555556,deap,dreamer,arousal,shared14_raw_spectral
15,0,0.5,deap,dreamer,arousal,shared14_raw_spectral
16,0,0.5615384615384615,deap,dreamer,arousal,shared14_raw_spectral
17,0,0.5,deap,dreamer,arousal,shared14_raw_spectral
18,0,0.5714285714285714,deap,dreamer,arousal,shared14_raw_spectral
19,0,0.5,deap,dreamer,arousal,shared14_raw_spectral
20,0,0.5,deap,dreamer,arousal,shared14_raw_spectral
21,0,0.5,deap,dreamer,arousal,shared14_raw_spectral
22,0,0.5,deap,dreamer,arousal,shared14_raw_spectral
0,0,0.5692307692307692,deap,dreamer,arousal,shared14_znorm_spectral
1,0,0.5,deap,dreamer,arousal,shared14_znorm_spectral
2,0,0.5909090909090909,deap,dreamer,arousal,shared14_znorm_spectral
3,0,0.2769230769230769,deap,dreamer,arousal,shared14_znorm_spectral
4,0,0.525,deap,dreamer,arousal,shared14_znorm_spectral
5,0,0.4583333333333333,deap,dreamer,arousal,shared14_znorm_spectral
6,0,0.5974025974025974,deap,dreamer,arousal,shared14_znorm_spectral
7,0,0.5,deap,dreamer,arousal,shared14_znorm_spectral
8,0,0.5,deap,dreamer,arousal,shared14_znorm_spectral
9,0,0.4545454545454545,deap,dreamer,arousal,shared14_znorm_spectral
10,0,0.5,deap,dreamer,arousal,shared14_znorm_spectral
11,0,0.5,deap,dreamer,arousal,shared14_znorm_spectral
12,0,0.475,deap,dreamer,arousal,shared14_znorm_spectral
13,0,0.5,deap,dreamer,arousal,shared14_znorm_spectral
14,0,0.6666666666666666,deap,dreamer,arousal,shared14_znorm_spectral
15,0,0.5625,deap,dreamer,arousal,shared14_znorm_spectral
16,0,0.7076923076923077,deap,dreamer,arousal,shared14_znorm_spectral
17,0,0.5,deap,dreamer,arousal,shared14_znorm_spectral
18,0,0.5,deap,dreamer,arousal,shared14_znorm_spectral
19,0,0.5,deap,dreamer,arousal,shared14_znorm_spectral
20,0,0.6103896103896104,deap,dreamer,arousal,shared14_znorm_spectral
21,0,0.5,deap,dreamer,arousal,shared14_znorm_spectral
22,0,0.2916666666666666,deap,dreamer,arousal,shared14_znorm_spectral
0,0,0.4538461538461538,deap,dreamer,arousal,shared14_coral_spectral
1,0,0.3888888888888888,deap,dreamer,arousal,shared14_coral_spectral
2,0,0.5649350649350648,deap,dreamer,arousal,shared14_coral_spectral
3,0,0.5461538461538462,deap,dreamer,arousal,shared14_coral_spectral
4,0,0.45,deap,dreamer,arousal,shared14_coral_spectral
5,0,0.5416666666666667,deap,dreamer,arousal,shared14_coral_spectral
6,0,0.6233766233766234,deap,dreamer,arousal,shared14_coral_spectral
7,0,0.5769230769230769,deap,dreamer,arousal,shared14_coral_spectral
8,0,0.5,deap,dreamer,arousal,shared14_coral_spectral
9,0,0.435064935064935,deap,dreamer,arousal,shared14_coral_spectral
10,0,0.5,deap,dreamer,arousal,shared14_coral_spectral
11,0,0.3125,deap,dreamer,arousal,shared14_coral_spectral
12,0,0.375,deap,dreamer,arousal,shared14_coral_spectral
13,0,0.5833333333333334,deap,dreamer,arousal,shared14_coral_spectral
14,0,0.3888888888888888,deap,dreamer,arousal,shared14_coral_spectral
15,0,0.3875,deap,dreamer,arousal,shared14_coral_spectral
16,0,0.6076923076923078,deap,dreamer,arousal,shared14_coral_spectral
17,0,0.4444444444444444,deap,dreamer,arousal,shared14_coral_spectral
18,0,0.625,deap,dreamer,arousal,shared14_coral_spectral
19,0,0.375,deap,dreamer,arousal,shared14_coral_spectral
20,0,0.6103896103896104,deap,dreamer,arousal,shared14_coral_spectral
21,0,0.4166666666666667,deap,dreamer,arousal,shared14_coral_spectral
22,0,0.375,deap,dreamer,arousal,shared14_coral_spectral
s01.dat,0,0.5,dreamer,deap,valence,shared14_raw_spectral
s02.dat,0,0.5,dreamer,deap,valence,shared14_raw_spectral
s03.dat,0,0.5227272727272727,dreamer,deap,valence,shared14_raw_spectral
s04.dat,0,0.5,dreamer,deap,valence,shared14_raw_spectral
s05.dat,0,0.5,dreamer,deap,valence,shared14_raw_spectral
s06.dat,0,0.5,dreamer,deap,valence,shared14_raw_spectral
s07.dat,0,0.5,dreamer,deap,valence,shared14_raw_spectral
s08.dat,0,0.5,dreamer,deap,valence,shared14_raw_spectral
s09.dat,0,0.5,dreamer,deap,valence,shared14_raw_spectral
s10.dat,0,0.5,dreamer,deap,valence,shared14_raw_spectral
s11.dat,0,0.5208333333333334,dreamer,deap,valence,shared14_raw_spectral
s12.dat,0,0.5,dreamer,deap,valence,shared14_raw_spectral
s13.dat,0,0.5,dreamer,deap,valence,shared14_raw_spectral
s14.dat,0,0.5,dreamer,deap,valence,shared14_raw_spectral
s15.dat,0,0.3249999999999999,dreamer,deap,valence,shared14_raw_spectral
s16.dat,0,0.5333333333333333,dreamer,deap,valence,shared14_raw_spectral
s17.dat,0,0.5631313131313131,dreamer,deap,valence,shared14_raw_spectral
s18.dat,0,0.5,dreamer,deap,valence,shared14_raw_spectral
s19.dat,0,0.5,dreamer,deap,valence,shared14_raw_spectral
s20.dat,0,0.5,dreamer,deap,valence,shared14_raw_spectral
s21.dat,0,0.4711779448621553,dreamer,deap,valence,shared14_raw_spectral
s22.dat,0,0.5,dreamer,deap,valence,shared14_raw_spectral
s23.dat,0,0.4835164835164835,dreamer,deap,valence,shared14_raw_spectral
s24.dat,0,0.5,dreamer,deap,valence,shared14_raw_spectral
s25.dat,0,0.3270676691729323,dreamer,deap,valence,shared14_raw_spectral
s26.dat,0,0.5,dreamer,deap,valence,shared14_raw_spectral
s27.dat,0,0.5,dreamer,deap,valence,shared14_raw_spectral
s28.dat,0,0.5,dreamer,deap,valence,shared14_raw_spectral
s29.dat,0,0.5,dreamer,deap,valence,shared14_raw_spectral
s30.dat,0,0.5,dreamer,deap,valence,shared14_raw_spectral
s31.dat,0,0.5434782608695652,dreamer,deap,valence,shared14_raw_spectral
s32.dat,0,0.5,dreamer,deap,valence,shared14_raw_spectral
s01.dat,0,0.5,dreamer,deap,valence,shared14_znorm_spectral
s02.dat,0,0.5,dreamer,deap,valence,shared14_znorm_spectral
s03.dat,0,0.5,dreamer,deap,valence,shared14_znorm_spectral
s04.dat,0,0.5,dreamer,deap,valence,shared14_znorm_spectral
s05.dat,0,0.59375,dreamer,deap,valence,shared14_znorm_spectral
s06.dat,0,0.5333333333333333,dreamer,deap,valence,shared14_znorm_spectral
s07.dat,0,0.5416666666666666,dreamer,deap,valence,shared14_znorm_spectral
s08.dat,0,0.5454545454545454,dreamer,deap,valence,shared14_znorm_spectral
s09.dat,0,0.5,dreamer,deap,valence,shared14_znorm_spectral
s10.dat,0,0.525,dreamer,deap,valence,shared14_znorm_spectral
s11.dat,0,0.5,dreamer,deap,valence,shared14_znorm_spectral
s12.dat,0,0.5,dreamer,deap,valence,shared14_znorm_spectral
s13.dat,0,0.5,dreamer,deap,valence,shared14_znorm_spectral
s14.dat,0,0.575,dreamer,deap,valence,shared14_znorm_spectral
s15.dat,0,0.5,dreamer,deap,valence,shared14_znorm_spectral
s16.dat,0,0.52,dreamer,deap,valence,shared14_znorm_spectral
s17.dat,0,0.5,dreamer,deap,valence,shared14_znorm_spectral
s18.dat,0,0.5,dreamer,deap,valence,shared14_znorm_spectral
s19.dat,0,0.4296675191815856,dreamer,deap,valence,shared14_znorm_spectral
s20.dat,0,0.5,dreamer,deap,valence,shared14_znorm_spectral
s21.dat,0,0.5,dreamer,deap,valence,shared14_znorm_spectral
s22.dat,0,0.5,dreamer,deap,valence,shared14_znorm_spectral
s23.dat,0,0.5,dreamer,deap,valence,shared14_znorm_spectral
s24.dat,0,0.4772727272727273,dreamer,deap,valence,shared14_znorm_spectral
s25.dat,0,0.5,dreamer,deap,valence,shared14_znorm_spectral
s26.dat,0,0.3379120879120879,dreamer,deap,valence,shared14_znorm_spectral
s27.dat,0,0.4333333333333333,dreamer,deap,valence,shared14_znorm_spectral
s28.dat,0,0.52,dreamer,deap,valence,shared14_znorm_spectral
s29.dat,0,0.3209718670076726,dreamer,deap,valence,shared14_znorm_spectral
s30.dat,0,0.4159544159544159,dreamer,deap,valence,shared14_znorm_spectral
s31.dat,0,0.5,dreamer,deap,valence,shared14_znorm_spectral
s32.dat,0,0.575,dreamer,deap,valence,shared14_znorm_spectral
s01.dat,0,0.5,dreamer,deap,valence,shared14_coral_spectral
s02.dat,0,0.5227272727272727,dreamer,deap,valence,shared14_coral_spectral
s03.dat,0,0.5,dreamer,deap,valence,shared14_coral_spectral
s04.dat,0,0.5,dreamer,deap,valence,shared14_coral_spectral
s05.dat,0,0.5104166666666666,dreamer,deap,valence,shared14_coral_spectral
s06.dat,0,0.35,dreamer,deap,valence,shared14_coral_spectral
s07.dat,0,0.4761904761904761,dreamer,deap,valence,shared14_coral_spectral
s08.dat,0,0.5,dreamer,deap,valence,shared14_coral_spectral
s09.dat,0,0.7,dreamer,deap,valence,shared14_coral_spectral
s10.dat,0,0.4,dreamer,deap,valence,shared14_coral_spectral
s11.dat,0,0.53125,dreamer,deap,valence,shared14_coral_spectral
s12.dat,0,0.5952380952380952,dreamer,deap,valence,shared14_coral_spectral
s13.dat,0,0.4641943734015345,dreamer,deap,valence,shared14_coral_spectral
s14.dat,0,0.5,dreamer,deap,valence,shared14_coral_spectral
s15.dat,0,0.45,dreamer,deap,valence,shared14_coral_spectral
s16.dat,0,0.5,dreamer,deap,valence,shared14_coral_spectral
s17.dat,0,0.4873737373737373,dreamer,deap,valence,shared14_coral_spectral
s18.dat,0,0.5208333333333334,dreamer,deap,valence,shared14_coral_spectral
s19.dat,0,0.5294117647058824,dreamer,deap,valence,shared14_coral_spectral
s20.dat,0,0.4296675191815856,dreamer,deap,valence,shared14_coral_spectral
s21.dat,0,0.5,dreamer,deap,valence,shared14_coral_spectral
s22.dat,0,0.5277777777777778,dreamer,deap,valence,shared14_coral_spectral
s23.dat,0,0.5686813186813187,dreamer,deap,valence,shared14_coral_spectral
s24.dat,0,0.5151515151515151,dreamer,deap,valence,shared14_coral_spectral
s25.dat,0,0.5,dreamer,deap,valence,shared14_coral_spectral
s26.dat,0,0.5,dreamer,deap,valence,shared14_coral_spectral
s27.dat,0,0.5,dreamer,deap,valence,shared14_coral_spectral
s28.dat,0,0.5266666666666666,dreamer,deap,valence,shared14_coral_spectral
s29.dat,0,0.4565217391304347,dreamer,deap,valence,shared14_coral_spectral
s30.dat,0,0.4344729344729344,dreamer,deap,valence,shared14_coral_spectral
s31.dat,0,0.5524296675191815,dreamer,deap,valence,shared14_coral_spectral
s32.dat,0,0.575,dreamer,deap,valence,shared14_coral_spectral
s01.dat,0,0.5,dreamer,deap,arousal,shared14_raw_spectral
s02.dat,0,0.4375,dreamer,deap,arousal,shared14_raw_spectral
s03.dat,0,0.5,dreamer,deap,arousal,shared14_raw_spectral
s04.dat,0,0.5,dreamer,deap,arousal,shared14_raw_spectral
s05.dat,0,0.5,dreamer,deap,arousal,shared14_raw_spectral
s06.dat,0,0.5,dreamer,deap,arousal,shared14_raw_spectral
s07.dat,0,0.5,dreamer,deap,arousal,shared14_raw_spectral
s08.dat,0,0.4629156010230179,dreamer,deap,arousal,shared14_raw_spectral
s09.dat,0,0.5,dreamer,deap,arousal,shared14_raw_spectral
s10.dat,0,0.4595959595959596,dreamer,deap,arousal,shared14_raw_spectral
s11.dat,0,0.5,dreamer,deap,arousal,shared14_raw_spectral
s12.dat,0,0.5086580086580087,dreamer,deap,arousal,shared14_raw_spectral
s13.dat,0,0.5,dreamer,deap,arousal,shared14_raw_spectral
s14.dat,0,0.5,dreamer,deap,arousal,shared14_raw_spectral
s15.dat,0,0.5025062656641603,dreamer,deap,arousal,shared14_raw_spectral
s16.dat,0,0.5,dreamer,deap,arousal,shared14_raw_spectral
s17.dat,0,0.5,dreamer,deap,arousal,shared14_raw_spectral
s18.dat,0,0.5,dreamer,deap,arousal,shared14_raw_spectral
s19.dat,0,0.5,dreamer,deap,arousal,shared14_raw_spectral
s20.dat,0,0.5,dreamer,deap,arousal,shared14_raw_spectral
s21.dat,0,0.484375,dreamer,deap,arousal,shared14_raw_spectral
s22.dat,0,0.5,dreamer,deap,arousal,shared14_raw_spectral
s23.dat,0,0.5,dreamer,deap,arousal,shared14_raw_spectral
s24.dat,0,0.5757575757575758,dreamer,deap,arousal,shared14_raw_spectral
s25.dat,0,0.5,dreamer,deap,arousal,shared14_raw_spectral
s26.dat,0,0.5,dreamer,deap,arousal,shared14_raw_spectral
s27.dat,0,0.2264957264957265,dreamer,deap,arousal,shared14_raw_spectral
s28.dat,0,0.5,dreamer,deap,arousal,shared14_raw_spectral
s29.dat,0,0.4533333333333333,dreamer,deap,arousal,shared14_raw_spectral
s30.dat,0,0.5,dreamer,deap,arousal,shared14_raw_spectral
s31.dat,0,0.5,dreamer,deap,arousal,shared14_raw_spectral
s32.dat,0,0.5,dreamer,deap,arousal,shared14_raw_spectral
s01.dat,0,0.53125,dreamer,deap,arousal,shared14_znorm_spectral
s02.dat,0,0.4479166666666667,dreamer,deap,arousal,shared14_znorm_spectral
s03.dat,0,0.484375,dreamer,deap,arousal,shared14_znorm_spectral
s04.dat,0,0.53125,dreamer,deap,arousal,shared14_znorm_spectral
s05.dat,0,0.5,dreamer,deap,arousal,shared14_znorm_spectral
s06.dat,0,0.5,dreamer,deap,arousal,shared14_znorm_spectral
s07.dat,0,0.5,dreamer,deap,arousal,shared14_znorm_spectral
s08.dat,0,0.510230179028133,dreamer,deap,arousal,shared14_znorm_spectral
s09.dat,0,0.5,dreamer,deap,arousal,shared14_znorm_spectral
s10.dat,0,0.5,dreamer,deap,arousal,shared14_znorm_spectral
s11.dat,0,0.5,dreamer,deap,arousal,shared14_znorm_spectral
s12.dat,0,0.6038961038961039,dreamer,deap,arousal,shared14_znorm_spectral
s13.dat,0,0.446078431372549,dreamer,deap,arousal,shared14_znorm_spectral
s14.dat,0,0.5,dreamer,deap,arousal,shared14_znorm_spectral
s15.dat,0,0.575187969924812,dreamer,deap,arousal,shared14_znorm_spectral
s16.dat,0,0.475,dreamer,deap,arousal,shared14_znorm_spectral
s17.dat,0,0.5,dreamer,deap,arousal,shared14_znorm_spectral
s18.dat,0,0.4933333333333333,dreamer,deap,arousal,shared14_znorm_spectral
s19.dat,0,0.5,dreamer,deap,arousal,shared14_znorm_spectral
s20.dat,0,0.4444444444444444,dreamer,deap,arousal,shared14_znorm_spectral
s21.dat,0,0.453125,dreamer,deap,arousal,shared14_znorm_spectral
s22.dat,0,0.5520833333333333,dreamer,deap,arousal,shared14_znorm_spectral
s23.dat,0,0.5,dreamer,deap,arousal,shared14_znorm_spectral
s24.dat,0,0.4242424242424242,dreamer,deap,arousal,shared14_znorm_spectral
s25.dat,0,0.5,dreamer,deap,arousal,shared14_znorm_spectral
s26.dat,0,0.5,dreamer,deap,arousal,shared14_znorm_spectral
s27.dat,0,0.3347578347578347,dreamer,deap,arousal,shared14_znorm_spectral
s28.dat,0,0.5,dreamer,deap,arousal,shared14_znorm_spectral
s29.dat,0,0.5,dreamer,deap,arousal,shared14_znorm_spectral
s30.dat,0,0.4523809523809524,dreamer,deap,arousal,shared14_znorm_spectral
s31.dat,0,0.3897243107769423,dreamer,deap,arousal,shared14_znorm_spectral
s32.dat,0,0.5042735042735043,dreamer,deap,arousal,shared14_znorm_spectral
s01.dat,0,0.5,dreamer,deap,arousal,shared14_coral_spectral
s02.dat,0,0.5208333333333334,dreamer,deap,arousal,shared14_coral_spectral
s03.dat,0,0.375,dreamer,deap,arousal,shared14_coral_spectral
s04.dat,0,0.53125,dreamer,deap,arousal,shared14_coral_spectral
s05.dat,0,0.5,dreamer,deap,arousal,shared14_coral_spectral
s06.dat,0,0.5,dreamer,deap,arousal,shared14_coral_spectral
s07.dat,0,0.54,dreamer,deap,arousal,shared14_coral_spectral
s08.dat,0,0.5179028132992327,dreamer,deap,arousal,shared14_coral_spectral
s09.dat,0,0.53125,dreamer,deap,arousal,shared14_coral_spectral
s10.dat,0,0.5050505050505051,dreamer,deap,arousal,shared14_coral_spectral
s11.dat,0,0.5266666666666667,dreamer,deap,arousal,shared14_coral_spectral
s12.dat,0,0.4588744588744589,dreamer,deap,arousal,shared14_coral_spectral
s13.dat,0,0.5196078431372549,dreamer,deap,arousal,shared14_coral_spectral
s14.dat,0,0.48005698005698,dreamer,deap,arousal,shared14_coral_spectral
s15.dat,0,0.4160401002506265,dreamer,deap,arousal,shared14_coral_spectral
s16.dat,0,0.5,dreamer,deap,arousal,shared14_coral_spectral
s17.dat,0,0.5208333333333334,dreamer,deap,arousal,shared14_coral_spectral
s18.dat,0,0.4733333333333333,dreamer,deap,arousal,shared14_coral_spectral
s19.dat,0,0.5,dreamer,deap,arousal,shared14_coral_spectral
s20.dat,0,0.5,dreamer,deap,arousal,shared14_coral_spectral
s21.dat,0,0.5,dreamer,deap,arousal,shared14_coral_spectral
s22.dat,0,0.46875,dreamer,deap,arousal,shared14_coral_spectral
s23.dat,0,0.5,dreamer,deap,arousal,shared14_coral_spectral
s24.dat,0,0.5108225108225108,dreamer,deap,arousal,shared14_coral_spectral
s25.dat,0,0.5,dreamer,deap,arousal,shared14_coral_spectral
s26.dat,0,0.5,dreamer,deap,arousal,shared14_coral_spectral
s27.dat,0,0.4629629629629629,dreamer,deap,arousal,shared14_coral_spectral
s28.dat,0,0.5404040404040404,dreamer,deap,arousal,shared14_coral_spectral
s29.dat,0,0.3466666666666667,dreamer,deap,arousal,shared14_coral_spectral
s30.dat,0,0.3558897243107769,dreamer,deap,arousal,shared14_coral_spectral
s31.dat,0,0.6378446115288221,dreamer,deap,arousal,shared14_coral_spectral
s32.dat,0,0.4857549857549857,dreamer,deap,arousal,shared14_coral_spectral
dreamer_subject_0,0,0.5,deap,dreamer,arousal,shared14_eegnet_trial
dreamer_subject_1,0,0.5,deap,dreamer,arousal,shared14_eegnet_trial
dreamer_subject_10,0,0.5,deap,dreamer,arousal,shared14_eegnet_trial
dreamer_subject_11,0,0.5,deap,dreamer,arousal,shared14_eegnet_trial
dreamer_subject_12,0,0.5,deap,dreamer,arousal,shared14_eegnet_trial
dreamer_subject_13,0,0.5,deap,dreamer,arousal,shared14_eegnet_trial
dreamer_subject_14,0,0.5,deap,dreamer,arousal,shared14_eegnet_trial
dreamer_subject_15,0,0.5,deap,dreamer,arousal,shared14_eegnet_trial
dreamer_subject_16,0,0.5,deap,dreamer,arousal,shared14_eegnet_trial
dreamer_subject_17,0,0.5,deap,dreamer,arousal,shared14_eegnet_trial
dreamer_subject_18,0,0.5,deap,dreamer,arousal,shared14_eegnet_trial
dreamer_subject_19,0,0.5,deap,dreamer,arousal,shared14_eegnet_trial
dreamer_subject_2,0,0.5,deap,dreamer,arousal,shared14_eegnet_trial
dreamer_subject_20,0,0.5,deap,dreamer,arousal,shared14_eegnet_trial
dreamer_subject_21,0,0.5,deap,dreamer,arousal,shared14_eegnet_trial
dreamer_subject_22,0,0.5,deap,dreamer,arousal,shared14_eegnet_trial
dreamer_subject_3,0,0.5,deap,dreamer,arousal,shared14_eegnet_trial
dreamer_subject_4,0,0.5,deap,dreamer,arousal,shared14_eegnet_trial
dreamer_subject_5,0,0.5,deap,dreamer,arousal,shared14_eegnet_trial
dreamer_subject_6,0,0.5,deap,dreamer,arousal,shared14_eegnet_trial
dreamer_subject_7,0,0.5,deap,dreamer,arousal,shared14_eegnet_trial
dreamer_subject_8,0,0.5,deap,dreamer,arousal,shared14_eegnet_trial
dreamer_subject_9,0,0.5,deap,dreamer,arousal,shared14_eegnet_trial
dreamer_subject_0,1,0.5,deap,dreamer,arousal,shared14_eegnet_trial
dreamer_subject_1,1,0.5,deap,dreamer,arousal,shared14_eegnet_trial
dreamer_subject_10,1,0.5,deap,dreamer,arousal,shared14_eegnet_trial
dreamer_subject_11,1,0.5,deap,dreamer,arousal,shared14_eegnet_trial
dreamer_subject_12,1,0.5,deap,dreamer,arousal,shared14_eegnet_trial
dreamer_subject_13,1,0.5,deap,dreamer,arousal,shared14_eegnet_trial
dreamer_subject_14,1,0.5,deap,dreamer,arousal,shared14_eegnet_trial
dreamer_subject_15,1,0.5,deap,dreamer,arousal,shared14_eegnet_trial
dreamer_subject_16,1,0.5,deap,dreamer,arousal,shared14_eegnet_trial
dreamer_subject_17,1,0.5,deap,dreamer,arousal,shared14_eegnet_trial
dreamer_subject_18,1,0.5,deap,dreamer,arousal,shared14_eegnet_trial
dreamer_subject_19,1,0.4583333333333333,deap,dreamer,arousal,shared14_eegnet_trial
dreamer_subject_2,1,0.5,deap,dreamer,arousal,shared14_eegnet_trial
dreamer_subject_20,1,0.5,deap,dreamer,arousal,shared14_eegnet_trial
dreamer_subject_21,1,0.5,deap,dreamer,arousal,shared14_eegnet_trial
dreamer_subject_22,1,0.5,deap,dreamer,arousal,shared14_eegnet_trial
dreamer_subject_3,1,0.3769230769230769,deap,dreamer,arousal,shared14_eegnet_trial
dreamer_subject_4,1,0.5,deap,dreamer,arousal,shared14_eegnet_trial
dreamer_subject_5,1,0.5,deap,dreamer,arousal,shared14_eegnet_trial
dreamer_subject_6,1,0.5,deap,dreamer,arousal,shared14_eegnet_trial
dreamer_subject_7,1,0.5,deap,dreamer,arousal,shared14_eegnet_trial
dreamer_subject_8,1,0.5,deap,dreamer,arousal,shared14_eegnet_trial
dreamer_subject_9,1,0.5,deap,dreamer,arousal,shared14_eegnet_trial
dreamer_subject_0,2,0.5,deap,dreamer,arousal,shared14_eegnet_trial
dreamer_subject_1,2,0.5,deap,dreamer,arousal,shared14_eegnet_trial
dreamer_subject_10,2,0.5,deap,dreamer,arousal,shared14_eegnet_trial
dreamer_subject_11,2,0.5,deap,dreamer,arousal,shared14_eegnet_trial
dreamer_subject_12,2,0.4375,deap,dreamer,arousal,shared14_eegnet_trial
dreamer_subject_13,2,0.5,deap,dreamer,arousal,shared14_eegnet_trial
dreamer_subject_14,2,0.5,deap,dreamer,arousal,shared14_eegnet_trial
dreamer_subject_15,2,0.5,deap,dreamer,arousal,shared14_eegnet_trial
dreamer_subject_16,2,0.5,deap,dreamer,arousal,shared14_eegnet_trial
dreamer_subject_17,2,0.5,deap,dreamer,arousal,shared14_eegnet_trial
dreamer_subject_18,2,0.5,deap,dreamer,arousal,shared14_eegnet_trial
dreamer_subject_19,2,0.5,deap,dreamer,arousal,shared14_eegnet_trial
dreamer_subject_2,2,0.5,deap,dreamer,arousal,shared14_eegnet_trial
dreamer_subject_20,2,0.5,deap,dreamer,arousal,shared14_eegnet_trial
dreamer_subject_21,2,0.5,deap,dreamer,arousal,shared14_eegnet_trial
dreamer_subject_22,2,0.5,deap,dreamer,arousal,shared14_eegnet_trial
dreamer_subject_3,2,0.5,deap,dreamer,arousal,shared14_eegnet_trial
dreamer_subject_4,2,0.5,deap,dreamer,arousal,shared14_eegnet_trial
dreamer_subject_5,2,0.5,deap,dreamer,arousal,shared14_eegnet_trial
dreamer_subject_6,2,0.474025974025974,deap,dreamer,arousal,shared14_eegnet_trial
dreamer_subject_7,2,0.5,deap,dreamer,arousal,shared14_eegnet_trial
dreamer_subject_8,2,0.5,deap,dreamer,arousal,shared14_eegnet_trial
dreamer_subject_9,2,0.5,deap,dreamer,arousal,shared14_eegnet_trial
dreamer_subject_0,3,0.3538461538461538,deap,dreamer,arousal,shared14_eegnet_trial
dreamer_subject_1,3,0.5,deap,dreamer,arousal,shared14_eegnet_trial
dreamer_subject_10,3,0.5,deap,dreamer,arousal,shared14_eegnet_trial
dreamer_subject_11,3,0.5,deap,dreamer,arousal,shared14_eegnet_trial
dreamer_subject_12,3,0.5,deap,dreamer,arousal,shared14_eegnet_trial
dreamer_subject_13,3,0.5,deap,dreamer,arousal,shared14_eegnet_trial
dreamer_subject_14,3,0.5555555555555556,deap,dreamer,arousal,shared14_eegnet_trial
dreamer_subject_15,3,0.5,deap,dreamer,arousal,shared14_eegnet_trial
dreamer_subject_16,3,0.5,deap,dreamer,arousal,shared14_eegnet_trial
dreamer_subject_17,3,0.5,deap,dreamer,arousal,shared14_eegnet_trial
dreamer_subject_18,3,0.5,deap,dreamer,arousal,shared14_eegnet_trial
dreamer_subject_19,3,0.5,deap,dreamer,arousal,shared14_eegnet_trial
dreamer_subject_2,3,0.5,deap,dreamer,arousal,shared14_eegnet_trial
dreamer_subject_20,3,0.6688311688311688,deap,dreamer,arousal,shared14_eegnet_trial
dreamer_subject_21,3,0.5416666666666666,deap,dreamer,arousal,shared14_eegnet_trial
dreamer_subject_22,3,0.5,deap,dreamer,arousal,shared14_eegnet_trial
dreamer_subject_3,3,0.5153846153846154,deap,dreamer,arousal,shared14_eegnet_trial
dreamer_subject_4,3,0.4625,deap,dreamer,arousal,shared14_eegnet_trial
dreamer_subject_5,3,0.5833333333333334,deap,dreamer,arousal,shared14_eegnet_trial
dreamer_subject_6,3,0.5324675324675324,deap,dreamer,arousal,shared14_eegnet_trial
dreamer_subject_7,3,0.4538461538461538,deap,dreamer,arousal,shared14_eegnet_trial
dreamer_subject_8,3,0.7076923076923077,deap,dreamer,arousal,shared14_eegnet_trial
dreamer_subject_9,3,0.487012987012987,deap,dreamer,arousal,shared14_eegnet_trial
dreamer_subject_0,4,0.5307692307692308,deap,dreamer,arousal,shared14_eegnet_trial
dreamer_subject_1,4,0.6111111111111112,deap,dreamer,arousal,shared14_eegnet_trial
dreamer_subject_10,4,0.435064935064935,deap,dreamer,arousal,shared14_eegnet_trial
dreamer_subject_11,4,0.45,deap,dreamer,arousal,shared14_eegnet_trial
dreamer_subject_12,4,0.45,deap,dreamer,arousal,shared14_eegnet_trial
dreamer_subject_13,4,0.5,deap,dreamer,arousal,shared14_eegnet_trial
dreamer_subject_14,4,0.3888888888888889,deap,dreamer,arousal,shared14_eegnet_trial
dreamer_subject_15,4,0.45,deap,dreamer,arousal,shared14_eegnet_trial
dreamer_subject_16,4,0.4615384615384615,deap,dreamer,arousal,shared14_eegnet_trial
dreamer_subject_17,4,0.3888888888888888,deap,dreamer,arousal,shared14_eegnet_trial
dreamer_subject_18,4,0.4107142857142857,deap,dreamer,arousal,shared14_eegnet_trial
dreamer_subject_19,4,0.5,deap,dreamer,arousal,shared14_eegnet_trial
dreamer_subject_2,4,0.474025974025974,deap,dreamer,arousal,shared14_eegnet_trial
dreamer_subject_20,4,0.5,deap,dreamer,arousal,shared14_eegnet_trial
dreamer_subject_21,4,0.5833333333333334,deap,dreamer,arousal,shared14_eegnet_trial
dreamer_subject_22,4,0.4583333333333333,deap,dreamer,arousal,shared14_eegnet_trial
dreamer_subject_3,4,0.6461538461538461,deap,dreamer,arousal,shared14_eegnet_trial
dreamer_subject_4,4,0.65,deap,dreamer,arousal,shared14_eegnet_trial
dreamer_subject_5,4,0.5,deap,dreamer,arousal,shared14_eegnet_trial
dreamer_subject_6,4,0.5974025974025974,deap,dreamer,arousal,shared14_eegnet_trial
dreamer_subject_7,4,0.5230769230769231,deap,dreamer,arousal,shared14_eegnet_trial
dreamer_subject_8,4,0.7307692307692308,deap,dreamer,arousal,shared14_eegnet_trial
dreamer_subject_9,4,0.5,deap,dreamer,arousal,shared14_eegnet_trial
dreamer_subject_0,0,0.6666666666666666,deap,dreamer,valence,shared14_eegnet_trial
dreamer_subject_1,0,0.5,deap,dreamer,valence,shared14_eegnet_trial
dreamer_subject_10,0,0.5,deap,dreamer,valence,shared14_eegnet_trial
dreamer_subject_11,0,0.5,deap,dreamer,valence,shared14_eegnet_trial
dreamer_subject_12,0,0.6125,deap,dreamer,valence,shared14_eegnet_trial
dreamer_subject_13,0,0.5,deap,dreamer,valence,shared14_eegnet_trial
dreamer_subject_14,0,0.4923076923076923,deap,dreamer,valence,shared14_eegnet_trial
dreamer_subject_15,0,0.3333333333333333,deap,dreamer,valence,shared14_eegnet_trial
dreamer_subject_16,0,0.375,deap,dreamer,valence,shared14_eegnet_trial
dreamer_subject_17,0,0.5,deap,dreamer,valence,shared14_eegnet_trial
dreamer_subject_18,0,0.3888888888888888,deap,dreamer,valence,shared14_eegnet_trial
dreamer_subject_19,0,0.5,deap,dreamer,valence,shared14_eegnet_trial
dreamer_subject_2,0,0.5125,deap,dreamer,valence,shared14_eegnet_trial
dreamer_subject_20,0,0.5833333333333334,deap,dreamer,valence,shared14_eegnet_trial
dreamer_subject_21,0,0.525974025974026,deap,dreamer,valence,shared14_eegnet_trial
dreamer_subject_22,0,0.5,deap,dreamer,valence,shared14_eegnet_trial
dreamer_subject_3,0,0.4642857142857143,deap,dreamer,valence,shared14_eegnet_trial
dreamer_subject_4,0,0.5416666666666666,deap,dreamer,valence,shared14_eegnet_trial
dreamer_subject_5,0,0.625,deap,dreamer,valence,shared14_eegnet_trial
dreamer_subject_6,0,0.7,deap,dreamer,valence,shared14_eegnet_trial
dreamer_subject_7,0,0.375,deap,dreamer,valence,shared14_eegnet_trial
dreamer_subject_8,0,0.5,deap,dreamer,valence,shared14_eegnet_trial
dreamer_subject_9,0,0.4166666666666667,deap,dreamer,valence,shared14_eegnet_trial
dreamer_subject_0,1,0.3888888888888888,deap,dreamer,valence,shared14_eegnet_trial
dreamer_subject_1,1,0.5,deap,dreamer,valence,shared14_eegnet_trial
dreamer_subject_10,1,0.5,deap,dreamer,valence,shared14_eegnet_trial
dreamer_subject_11,1,0.5,deap,dreamer,valence,shared14_eegnet_trial
dreamer_subject_12,1,0.5,deap,dreamer,valence,shared14_eegnet_trial
dreamer_subject_13,1,0.5,deap,dreamer,valence,shared14_eegnet_trial
dreamer_subject_14,1,0.5153846153846154,deap,dreamer,valence,shared14_eegnet_trial
dreamer_subject_15,1,0.5,deap,dreamer,valence,shared14_eegnet_trial
dreamer_subject_16,1,0.5,deap,dreamer,valence,shared14_eegnet_trial
dreamer_subject_17,1,0.5,deap,dreamer,valence,shared14_eegnet_trial
dreamer_subject_18,1,0.5,deap,dreamer,valence,shared14_eegnet_trial
dreamer_subject_19,1,0.5,deap,dreamer,valence,shared14_eegnet_trial
dreamer_subject_2,1,0.5,deap,dreamer,valence,shared14_eegnet_trial
dreamer_subject_20,1,0.5,deap,dreamer,valence,shared14_eegnet_trial
dreamer_subject_21,1,0.5,deap,dreamer,valence,shared14_eegnet_trial
dreamer_subject_22,1,0.5,deap,dreamer,valence,shared14_eegnet_trial
dreamer_subject_3,1,0.4464285714285714,deap,dreamer,valence,shared14_eegnet_trial
dreamer_subject_4,1,0.5,deap,dreamer,valence,shared14_eegnet_trial
dreamer_subject_5,1,0.5,deap,dreamer,valence,shared14_eegnet_trial
dreamer_subject_6,1,0.5,deap,dreamer,valence,shared14_eegnet_trial
dreamer_subject_7,1,0.5,deap,dreamer,valence,shared14_eegnet_trial
dreamer_subject_8,1,0.5,deap,dreamer,valence,shared14_eegnet_trial
dreamer_subject_9,1,0.5,deap,dreamer,valence,shared14_eegnet_trial
dreamer_subject_0,2,0.5,deap,dreamer,valence,shared14_eegnet_trial
dreamer_subject_1,2,0.5615384615384615,deap,dreamer,valence,shared14_eegnet_trial
dreamer_subject_10,2,0.5,deap,dreamer,valence,shared14_eegnet_trial
dreamer_subject_11,2,0.5,deap,dreamer,valence,shared14_eegnet_trial
dreamer_subject_12,2,0.6125,deap,dreamer,valence,shared14_eegnet_trial
dreamer_subject_13,2,0.5,deap,dreamer,valence,shared14_eegnet_trial
dreamer_subject_14,2,0.4769230769230769,deap,dreamer,valence,shared14_eegnet_trial
dreamer_subject_15,2,0.5416666666666666,deap,dreamer,valence,shared14_eegnet_trial
dreamer_subject_16,2,0.5,deap,dreamer,valence,shared14_eegnet_trial
dreamer_subject_17,2,0.5833333333333334,deap,dreamer,valence,shared14_eegnet_trial
dreamer_subject_18,2,0.5,deap,dreamer,valence,shared14_eegnet_trial
dreamer_subject_19,2,0.5,deap,dreamer,valence,shared14_eegnet_trial
dreamer_subject_2,2,0.625,deap,dreamer,valence,shared14_eegnet_trial
dreamer_subject_20,2,0.5,deap,dreamer,valence,shared14_eegnet_trial
dreamer_subject_21,2,0.5,deap,dreamer,valence,shared14_eegnet_trial
dreamer_subject_22,2,0.45,deap,dreamer,valence,shared14_eegnet_trial
dreamer_subject_3,2,0.3392857142857143,deap,dreamer,valence,shared14_eegnet_trial
dreamer_subject_4,2,0.5833333333333334,deap,dreamer,valence,shared14_eegnet_trial
dreamer_subject_5,2,0.45,deap,dreamer,valence,shared14_eegnet_trial
dreamer_subject_6,2,0.6615384615384616,deap,dreamer,valence,shared14_eegnet_trial
dreamer_subject_7,2,0.5,deap,dreamer,valence,shared14_eegnet_trial
dreamer_subject_8,2,0.5,deap,dreamer,valence,shared14_eegnet_trial
dreamer_subject_9,2,0.5,deap,dreamer,valence,shared14_eegnet_trial
dreamer_subject_0,3,0.611111111111111,deap,dreamer,valence,shared14_eegnet_trial
dreamer_subject_1,3,0.5461538461538462,deap,dreamer,valence,shared14_eegnet_trial
dreamer_subject_10,3,0.4583333333333333,deap,dreamer,valence,shared14_eegnet_trial
dreamer_subject_11,3,0.5,deap,dreamer,valence,shared14_eegnet_trial
dreamer_subject_12,3,0.4375,deap,dreamer,valence,shared14_eegnet_trial
dreamer_subject_13,3,0.5,deap,dreamer,valence,shared14_eegnet_trial
dreamer_subject_14,3,0.4230769230769231,deap,dreamer,valence,shared14_eegnet_trial
dreamer_subject_15,3,0.5,deap,dreamer,valence,shared14_eegnet_trial
dreamer_subject_16,3,0.2916666666666667,deap,dreamer,valence,shared14_eegnet_trial
dreamer_subject_17,3,0.5833333333333334,deap,dreamer,valence,shared14_eegnet_trial
dreamer_subject_18,3,0.5,deap,dreamer,valence,shared14_eegnet_trial
dreamer_subject_19,3,0.625,deap,dreamer,valence,shared14_eegnet_trial
dreamer_subject_2,3,0.5,deap,dreamer,valence,shared14_eegnet_trial
dreamer_subject_20,3,0.5833333333333333,deap,dreamer,valence,shared14_eegnet_trial
dreamer_subject_21,3,0.3506493506493506,deap,dreamer,valence,shared14_eegnet_trial
dreamer_subject_22,3,0.1875,deap,dreamer,valence,shared14_eegnet_trial
dreamer_subject_3,3,0.4642857142857143,deap,dreamer,valence,shared14_eegnet_trial
dreamer_subject_4,3,0.5,deap,dreamer,valence,shared14_eegnet_trial
dreamer_subject_5,3,0.5,deap,dreamer,valence,shared14_eegnet_trial
dreamer_subject_6,3,0.5384615384615384,deap,dreamer,valence,shared14_eegnet_trial
dreamer_subject_7,3,0.7083333333333334,deap,dreamer,valence,shared14_eegnet_trial
dreamer_subject_8,3,0.525,deap,dreamer,valence,shared14_eegnet_trial
dreamer_subject_9,3,0.4166666666666667,deap,dreamer,valence,shared14_eegnet_trial
dreamer_subject_0,4,0.4444444444444444,deap,dreamer,valence,shared14_eegnet_trial
dreamer_subject_1,4,0.5,deap,dreamer,valence,shared14_eegnet_trial
dreamer_subject_10,4,0.5,deap,dreamer,valence,shared14_eegnet_trial
dreamer_subject_11,4,0.4444444444444444,deap,dreamer,valence,shared14_eegnet_trial
dreamer_subject_12,4,0.5875,deap,dreamer,valence,shared14_eegnet_trial
dreamer_subject_13,4,0.5,deap,dreamer,valence,shared14_eegnet_trial
dreamer_subject_14,4,0.6461538461538461,deap,dreamer,valence,shared14_eegnet_trial
dreamer_subject_15,4,0.5416666666666666,deap,dreamer,valence,shared14_eegnet_trial
dreamer_subject_16,4,0.4583333333333333,deap,dreamer,valence,shared14_eegnet_trial
dreamer_subject_17,4,0.5833333333333334,deap,dreamer,valence,shared14_eegnet_trial
dreamer_subject_18,4,0.5,deap,dreamer,valence,shared14_eegnet_trial
dreamer_subject_19,4,0.5,deap,dreamer,valence,shared14_eegnet_trial
dreamer_subject_2,4,0.5,deap,dreamer,valence,shared14_eegnet_trial
dreamer_subject_20,4,0.5,deap,dreamer,valence,shared14_eegnet_trial
dreamer_subject_21,4,0.5,deap,dreamer,valence,shared14_eegnet_trial
dreamer_subject_22,4,0.4375,deap,dreamer,valence,shared14_eegnet_trial
dreamer_subject_3,4,0.4642857142857143,deap,dreamer,valence,shared14_eegnet_trial
dreamer_subject_4,4,0.5,deap,dreamer,valence,shared14_eegnet_trial
dreamer_subject_5,4,0.5,deap,dreamer,valence,shared14_eegnet_trial
dreamer_subject_6,4,0.5,deap,dreamer,valence,shared14_eegnet_trial
dreamer_subject_7,4,0.5,deap,dreamer,valence,shared14_eegnet_trial
dreamer_subject_8,4,0.5,deap,dreamer,valence,shared14_eegnet_trial
dreamer_subject_9,4,0.5,deap,dreamer,valence,shared14_eegnet_trial
deap_subject_s01.dat,0,0.5,dreamer,deap,arousal,shared14_eegnet_trial
deap_subject_s02.dat,0,0.5,dreamer,deap,arousal,shared14_eegnet_trial
deap_subject_s03.dat,0,0.5,dreamer,deap,arousal,shared14_eegnet_trial
deap_subject_s04.dat,0,0.4270833333333333,dreamer,deap,arousal,shared14_eegnet_trial
deap_subject_s05.dat,0,0.4736842105263157,dreamer,deap,arousal,shared14_eegnet_trial
deap_subject_s06.dat,0,0.5345268542199488,dreamer,deap,arousal,shared14_eegnet_trial
deap_subject_s07.dat,0,0.48,dreamer,deap,arousal,shared14_eegnet_trial
deap_subject_s08.dat,0,0.5345268542199488,dreamer,deap,arousal,shared14_eegnet_trial
deap_subject_s09.dat,0,0.5,dreamer,deap,arousal,shared14_eegnet_trial
deap_subject_s10.dat,0,0.5,dreamer,deap,arousal,shared14_eegnet_trial
deap_subject_s11.dat,0,0.5,dreamer,deap,arousal,shared14_eegnet_trial
deap_subject_s12.dat,0,0.5,dreamer,deap,arousal,shared14_eegnet_trial
deap_subject_s13.dat,0,0.4852941176470588,dreamer,deap,arousal,shared14_eegnet_trial
deap_subject_s14.dat,0,0.5,dreamer,deap,arousal,shared14_eegnet_trial
deap_subject_s15.dat,0,0.5025062656641603,dreamer,deap,arousal,shared14_eegnet_trial
deap_subject_s16.dat,0,0.525,dreamer,deap,arousal,shared14_eegnet_trial
deap_subject_s17.dat,0,0.5729166666666666,dreamer,deap,arousal,shared14_eegnet_trial
deap_subject_s18.dat,0,0.5,dreamer,deap,arousal,shared14_eegnet_trial
deap_subject_s19.dat,0,0.4786324786324786,dreamer,deap,arousal,shared14_eegnet_trial
deap_subject_s20.dat,0,0.5,dreamer,deap,arousal,shared14_eegnet_trial
deap_subject_s21.dat,0,0.515625,dreamer,deap,arousal,shared14_eegnet_trial
deap_subject_s22.dat,0,0.5,dreamer,deap,arousal,shared14_eegnet_trial
deap_subject_s23.dat,0,0.6,dreamer,deap,arousal,shared14_eegnet_trial
deap_subject_s24.dat,0,0.5,dreamer,deap,arousal,shared14_eegnet_trial
deap_subject_s25.dat,0,0.4090909090909091,dreamer,deap,arousal,shared14_eegnet_trial
deap_subject_s26.dat,0,0.5,dreamer,deap,arousal,shared14_eegnet_trial
deap_subject_s27.dat,0,0.5,dreamer,deap,arousal,shared14_eegnet_trial
deap_subject_s28.dat,0,0.5,dreamer,deap,arousal,shared14_eegnet_trial
deap_subject_s29.dat,0,0.5,dreamer,deap,arousal,shared14_eegnet_trial
deap_subject_s30.dat,0,0.3458646616541353,dreamer,deap,arousal,shared14_eegnet_trial
deap_subject_s31.dat,0,0.5238095238095238,dreamer,deap,arousal,shared14_eegnet_trial
deap_subject_s32.dat,0,0.5,dreamer,deap,arousal,shared14_eegnet_trial
deap_subject_s01.dat,1,0.5,dreamer,deap,arousal,shared14_eegnet_trial
deap_subject_s02.dat,1,0.5,dreamer,deap,arousal,shared14_eegnet_trial
deap_subject_s03.dat,1,0.5,dreamer,deap,arousal,shared14_eegnet_trial
deap_subject_s04.dat,1,0.5,dreamer,deap,arousal,shared14_eegnet_trial
deap_subject_s05.dat,1,0.5025062656641603,dreamer,deap,arousal,shared14_eegnet_trial
deap_subject_s06.dat,1,0.5396419437340154,dreamer,deap,arousal,shared14_eegnet_trial
deap_subject_s07.dat,1,0.5,dreamer,deap,arousal,shared14_eegnet_trial
deap_subject_s08.dat,1,0.4143222506393862,dreamer,deap,arousal,shared14_eegnet_trial
deap_subject_s09.dat,1,0.5,dreamer,deap,arousal,shared14_eegnet_trial
deap_subject_s10.dat,1,0.5,dreamer,deap,arousal,shared14_eegnet_trial
deap_subject_s11.dat,1,0.5,dreamer,deap,arousal,shared14_eegnet_trial
deap_subject_s12.dat,1,0.5,dreamer,deap,arousal,shared14_eegnet_trial
deap_subject_s13.dat,1,0.5,dreamer,deap,arousal,shared14_eegnet_trial
deap_subject_s14.dat,1,0.5,dreamer,deap,arousal,shared14_eegnet_trial
deap_subject_s15.dat,1,0.5388471177944862,dreamer,deap,arousal,shared14_eegnet_trial
deap_subject_s16.dat,1,0.375,dreamer,deap,arousal,shared14_eegnet_trial
deap_subject_s17.dat,1,0.5104166666666667,dreamer,deap,arousal,shared14_eegnet_trial
deap_subject_s18.dat,1,0.5066666666666666,dreamer,deap,arousal,shared14_eegnet_trial
deap_subject_s19.dat,1,0.5,dreamer,deap,arousal,shared14_eegnet_trial
deap_subject_s20.dat,1,0.5,dreamer,deap,arousal,shared14_eegnet_trial
deap_subject_s21.dat,1,0.5,dreamer,deap,arousal,shared14_eegnet_trial
deap_subject_s22.dat,1,0.5,dreamer,deap,arousal,shared14_eegnet_trial
deap_subject_s23.dat,1,0.5833333333333334,dreamer,deap,arousal,shared14_eegnet_trial
deap_subject_s24.dat,1,0.5,dreamer,deap,arousal,shared14_eegnet_trial
deap_subject_s25.dat,1,0.5,dreamer,deap,arousal,shared14_eegnet_trial
deap_subject_s26.dat,1,0.5,dreamer,deap,arousal,shared14_eegnet_trial
deap_subject_s27.dat,1,0.6054131054131053,dreamer,deap,arousal,shared14_eegnet_trial
deap_subject_s28.dat,1,0.5,dreamer,deap,arousal,shared14_eegnet_trial
deap_subject_s29.dat,1,0.5066666666666667,dreamer,deap,arousal,shared14_eegnet_trial
deap_subject_s30.dat,1,0.5,dreamer,deap,arousal,shared14_eegnet_trial
deap_subject_s31.dat,1,0.587719298245614,dreamer,deap,arousal,shared14_eegnet_trial
deap_subject_s32.dat,1,0.5,dreamer,deap,arousal,shared14_eegnet_trial
deap_subject_s01.dat,2,0.5,dreamer,deap,arousal,shared14_eegnet_trial
deap_subject_s02.dat,2,0.5,dreamer,deap,arousal,shared14_eegnet_trial
deap_subject_s03.dat,2,0.40625,dreamer,deap,arousal,shared14_eegnet_trial
deap_subject_s04.dat,2,0.5,dreamer,deap,arousal,shared14_eegnet_trial
deap_subject_s05.dat,2,0.4974937343358395,dreamer,deap,arousal,shared14_eegnet_trial
deap_subject_s06.dat,2,0.5,dreamer,deap,arousal,shared14_eegnet_trial
deap_subject_s07.dat,2,0.5,dreamer,deap,arousal,shared14_eegnet_trial
deap_subject_s08.dat,2,0.5,dreamer,deap,arousal,shared14_eegnet_trial
deap_subject_s09.dat,2,0.5208333333333334,dreamer,deap,arousal,shared14_eegnet_trial
deap_subject_s10.dat,2,0.5,dreamer,deap,arousal,shared14_eegnet_trial
deap_subject_s11.dat,2,0.5,dreamer,deap,arousal,shared14_eegnet_trial
deap_subject_s12.dat,2,0.4696969696969697,dreamer,deap,arousal,shared14_eegnet_trial
deap_subject_s13.dat,2,0.3970588235294117,dreamer,deap,arousal,shared14_eegnet_trial
deap_subject_s14.dat,2,0.5,dreamer,deap,arousal,shared14_eegnet_trial
deap_subject_s15.dat,2,0.5,dreamer,deap,arousal,shared14_eegnet_trial
deap_subject_s16.dat,2,0.6,dreamer,deap,arousal,shared14_eegnet_trial
deap_subject_s17.dat,2,0.5,dreamer,deap,arousal,shared14_eegnet_trial
deap_subject_s18.dat,2,0.44,dreamer,deap,arousal,shared14_eegnet_trial
deap_subject_s19.dat,2,0.5,dreamer,deap,arousal,shared14_eegnet_trial
deap_subject_s20.dat,2,0.589605734767025,dreamer,deap,arousal,shared14_eegnet_trial
deap_subject_s21.dat,2,0.5,dreamer,deap,arousal,shared14_eegnet_trial
deap_subject_s22.dat,2,0.5,dreamer,deap,arousal,shared14_eegnet_trial
deap_subject_s23.dat,2,0.7,dreamer,deap,arousal,shared14_eegnet_trial
deap_subject_s24.dat,2,0.5,dreamer,deap,arousal,shared14_eegnet_trial
deap_subject_s25.dat,2,0.5,dreamer,deap,arousal,shared14_eegnet_trial
deap_subject_s26.dat,2,0.5,dreamer,deap,arousal,shared14_eegnet_trial
deap_subject_s27.dat,2,0.5,dreamer,deap,arousal,shared14_eegnet_trial
deap_subject_s28.dat,2,0.5,dreamer,deap,arousal,shared14_eegnet_trial
deap_subject_s29.dat,2,0.5666666666666667,dreamer,deap,arousal,shared14_eegnet_trial
deap_subject_s30.dat,2,0.5,dreamer,deap,arousal,shared14_eegnet_trial
deap_subject_s31.dat,2,0.5,dreamer,deap,arousal,shared14_eegnet_trial
deap_subject_s32.dat,2,0.5384615384615384,dreamer,deap,arousal,shared14_eegnet_trial
deap_subject_s01.dat,3,0.5,dreamer,deap,arousal,shared14_eegnet_trial
deap_subject_s02.dat,3,0.5208333333333333,dreamer,deap,arousal,shared14_eegnet_trial
deap_subject_s03.dat,3,0.5,dreamer,deap,arousal,shared14_eegnet_trial
deap_subject_s04.dat,3,0.5,dreamer,deap,arousal,shared14_eegnet_trial
deap_subject_s05.dat,3,0.6102756892230576,dreamer,deap,arousal,shared14_eegnet_trial
deap_subject_s06.dat,3,0.5971867007672634,dreamer,deap,arousal,shared14_eegnet_trial
deap_subject_s07.dat,3,0.5,dreamer,deap,arousal,shared14_eegnet_trial
deap_subject_s08.dat,3,0.5,dreamer,deap,arousal,shared14_eegnet_trial
deap_subject_s09.dat,3,0.5,dreamer,deap,arousal,shared14_eegnet_trial
deap_subject_s10.dat,3,0.5,dreamer,deap,arousal,shared14_eegnet_trial
deap_subject_s11.dat,3,0.5,dreamer,deap,arousal,shared14_eegnet_trial
deap_subject_s12.dat,3,0.5,dreamer,deap,arousal,shared14_eegnet_trial
deap_subject_s13.dat,3,0.5,dreamer,deap,arousal,shared14_eegnet_trial
deap_subject_s14.dat,3,0.5,dreamer,deap,arousal,shared14_eegnet_trial
deap_subject_s15.dat,3,0.4323308270676692,dreamer,deap,arousal,shared14_eegnet_trial
deap_subject_s16.dat,3,0.45,dreamer,deap,arousal,shared14_eegnet_trial
deap_subject_s17.dat,3,0.5,dreamer,deap,arousal,shared14_eegnet_trial
deap_subject_s18.dat,3,0.5,dreamer,deap,arousal,shared14_eegnet_trial
deap_subject_s19.dat,3,0.6096866096866097,dreamer,deap,arousal,shared14_eegnet_trial
deap_subject_s20.dat,3,0.5,dreamer,deap,arousal,shared14_eegnet_trial
deap_subject_s21.dat,3,0.5,dreamer,deap,arousal,shared14_eegnet_trial
deap_subject_s22.dat,3,0.5,dreamer,deap,arousal,shared14_eegnet_trial
deap_subject_s23.dat,3,0.5,dreamer,deap,arousal,shared14_eegnet_trial
deap_subject_s24.dat,3,0.5,dreamer,deap,arousal,shared14_eegnet_trial
deap_subject_s25.dat,3,0.5,dreamer,deap,arousal,shared14_eegnet_trial
deap_subject_s26.dat,3,0.5,dreamer,deap,arousal,shared14_eegnet_trial
deap_subject_s27.dat,3,0.5,dreamer,deap,arousal,shared14_eegnet_trial
deap_subject_s28.dat,3,0.5,dreamer,deap,arousal,shared14_eegnet_trial
deap_subject_s29.dat,3,0.5,dreamer,deap,arousal,shared14_eegnet_trial
deap_subject_s30.dat,3,0.5,dreamer,deap,arousal,shared14_eegnet_trial
deap_subject_s31.dat,3,0.5,dreamer,deap,arousal,shared14_eegnet_trial
deap_subject_s32.dat,3,0.5,dreamer,deap,arousal,shared14_eegnet_trial
deap_subject_s01.dat,4,0.5,dreamer,deap,arousal,shared14_eegnet_trial
deap_subject_s02.dat,4,0.5,dreamer,deap,arousal,shared14_eegnet_trial
deap_subject_s03.dat,4,0.5,dreamer,deap,arousal,shared14_eegnet_trial
deap_subject_s04.dat,4,0.5,dreamer,deap,arousal,shared14_eegnet_trial
deap_subject_s05.dat,4,0.5,dreamer,deap,arousal,shared14_eegnet_trial
deap_subject_s06.dat,4,0.5,dreamer,deap,arousal,shared14_eegnet_trial
deap_subject_s07.dat,4,0.5800000000000001,dreamer,deap,arousal,shared14_eegnet_trial
deap_subject_s08.dat,4,0.5,dreamer,deap,arousal,shared14_eegnet_trial
deap_subject_s09.dat,4,0.5,dreamer,deap,arousal,shared14_eegnet_trial
deap_subject_s10.dat,4,0.5,dreamer,deap,arousal,shared14_eegnet_trial
deap_subject_s11.dat,4,0.5,dreamer,deap,arousal,shared14_eegnet_trial
deap_subject_s12.dat,4,0.5,dreamer,deap,arousal,shared14_eegnet_trial
deap_subject_s13.dat,4,0.5,dreamer,deap,arousal,shared14_eegnet_trial
deap_subject_s14.dat,4,0.5,dreamer,deap,arousal,shared14_eegnet_trial
deap_subject_s15.dat,4,0.5,dreamer,deap,arousal,shared14_eegnet_trial
deap_subject_s16.dat,4,0.5,dreamer,deap,arousal,shared14_eegnet_trial
deap_subject_s17.dat,4,0.5,dreamer,deap,arousal,shared14_eegnet_trial
deap_subject_s18.dat,4,0.5,dreamer,deap,arousal,shared14_eegnet_trial
deap_subject_s19.dat,4,0.5,dreamer,deap,arousal,shared14_eegnet_trial
deap_subject_s20.dat,4,0.5,dreamer,deap,arousal,shared14_eegnet_trial
deap_subject_s21.dat,4,0.5,dreamer,deap,arousal,shared14_eegnet_trial
deap_subject_s22.dat,4,0.5,dreamer,deap,arousal,shared14_eegnet_trial
deap_subject_s23.dat,4,0.5,dreamer,deap,arousal,shared14_eegnet_trial
deap_subject_s24.dat,4,0.5,dreamer,deap,arousal,shared14_eegnet_trial
deap_subject_s25.dat,4,0.5,dreamer,deap,arousal,shared14_eegnet_trial
deap_subject_s26.dat,4,0.5,dreamer,deap,arousal,shared14_eegnet_trial
deap_subject_s27.dat,4,0.5726495726495726,dreamer,deap,arousal,shared14_eegnet_trial
deap_subject_s28.dat,4,0.5,dreamer,deap,arousal,shared14_eegnet_trial
deap_subject_s29.dat,4,0.5,dreamer,deap,arousal,shared14_eegnet_trial
deap_subject_s30.dat,4,0.5,dreamer,deap,arousal,shared14_eegnet_trial
deap_subject_s31.dat,4,0.5,dreamer,deap,arousal,shared14_eegnet_trial
deap_subject_s32.dat,4,0.5,dreamer,deap,arousal,shared14_eegnet_trial
deap_subject_s01.dat,0,0.5,dreamer,deap,valence,shared14_eegnet_trial
deap_subject_s02.dat,0,0.5,dreamer,deap,valence,shared14_eegnet_trial
deap_subject_s03.dat,0,0.5,dreamer,deap,valence,shared14_eegnet_trial
deap_subject_s04.dat,0,0.5,dreamer,deap,valence,shared14_eegnet_trial
deap_subject_s05.dat,0,0.5,dreamer,deap,valence,shared14_eegnet_trial
deap_subject_s06.dat,0,0.5,dreamer,deap,valence,shared14_eegnet_trial
deap_subject_s07.dat,0,0.5,dreamer,deap,valence,shared14_eegnet_trial
deap_subject_s08.dat,0,0.5,dreamer,deap,valence,shared14_eegnet_trial
deap_subject_s09.dat,0,0.5,dreamer,deap,valence,shared14_eegnet_trial
deap_subject_s10.dat,0,0.5,dreamer,deap,valence,shared14_eegnet_trial
deap_subject_s11.dat,0,0.5,dreamer,deap,valence,shared14_eegnet_trial
deap_subject_s12.dat,0,0.5,dreamer,deap,valence,shared14_eegnet_trial
deap_subject_s13.dat,0,0.5,dreamer,deap,valence,shared14_eegnet_trial
deap_subject_s14.dat,0,0.5,dreamer,deap,valence,shared14_eegnet_trial
deap_subject_s15.dat,0,0.5,dreamer,deap,valence,shared14_eegnet_trial
deap_subject_s16.dat,0,0.5,dreamer,deap,valence,shared14_eegnet_trial
deap_subject_s17.dat,0,0.4444444444444444,dreamer,deap,valence,shared14_eegnet_trial
deap_subject_s18.dat,0,0.5,dreamer,deap,valence,shared14_eegnet_trial
deap_subject_s19.dat,0,0.5,dreamer,deap,valence,shared14_eegnet_trial
deap_subject_s20.dat,0,0.6406649616368286,dreamer,deap,valence,shared14_eegnet_trial
deap_subject_s21.dat,0,0.4761904761904761,dreamer,deap,valence,shared14_eegnet_trial
deap_subject_s22.dat,0,0.7247474747474747,dreamer,deap,valence,shared14_eegnet_trial
deap_subject_s23.dat,0,0.5,dreamer,deap,valence,shared14_eegnet_trial
deap_subject_s24.dat,0,0.5,dreamer,deap,valence,shared14_eegnet_trial
deap_subject_s25.dat,0,0.5,dreamer,deap,valence,shared14_eegnet_trial
deap_subject_s26.dat,0,0.467032967032967,dreamer,deap,valence,shared14_eegnet_trial
deap_subject_s27.dat,0,0.5,dreamer,deap,valence,shared14_eegnet_trial
deap_subject_s28.dat,0,0.46,dreamer,deap,valence,shared14_eegnet_trial
deap_subject_s29.dat,0,0.5,dreamer,deap,valence,shared14_eegnet_trial
deap_subject_s30.dat,0,0.5,dreamer,deap,valence,shared14_eegnet_trial
deap_subject_s31.dat,0,0.5153452685421994,dreamer,deap,valence,shared14_eegnet_trial
deap_subject_s32.dat,0,0.5,dreamer,deap,valence,shared14_eegnet_trial
deap_subject_s01.dat,1,0.5,dreamer,deap,valence,shared14_eegnet_trial
deap_subject_s02.dat,1,0.5,dreamer,deap,valence,shared14_eegnet_trial
deap_subject_s03.dat,1,0.5,dreamer,deap,valence,shared14_eegnet_trial
deap_subject_s04.dat,1,0.5208333333333334,dreamer,deap,valence,shared14_eegnet_trial
deap_subject_s05.dat,1,0.5,dreamer,deap,valence,shared14_eegnet_trial
deap_subject_s06.dat,1,0.5,dreamer,deap,valence,shared14_eegnet_trial
deap_subject_s07.dat,1,0.380952380952381,dreamer,deap,valence,shared14_eegnet_trial
deap_subject_s08.dat,1,0.5,dreamer,deap,valence,shared14_eegnet_trial
deap_subject_s09.dat,1,0.55,dreamer,deap,valence,shared14_eegnet_trial
deap_subject_s10.dat,1,0.5,dreamer,deap,valence,shared14_eegnet_trial
deap_subject_s11.dat,1,0.5,dreamer,deap,valence,shared14_eegnet_trial
deap_subject_s12.dat,1,0.5,dreamer,deap,valence,shared14_eegnet_trial
deap_subject_s13.dat,1,0.5,dreamer,deap,valence,shared14_eegnet_trial
deap_subject_s14.dat,1,0.375,dreamer,deap,valence,shared14_eegnet_trial
deap_subject_s15.dat,1,0.5,dreamer,deap,valence,shared14_eegnet_trial
deap_subject_s16.dat,1,0.5,dreamer,deap,valence,shared14_eegnet_trial
deap_subject_s17.dat,1,0.5,dreamer,deap,valence,shared14_eegnet_trial
deap_subject_s18.dat,1,0.5833333333333334,dreamer,deap,valence,shared14_eegnet_trial
deap_subject_s19.dat,1,0.3989769820971867,dreamer,deap,valence,shared14_eegnet_trial
deap_subject_s20.dat,1,0.5,dreamer,deap,valence,shared14_eegnet_trial
deap_subject_s21.dat,1,0.4285714285714285,dreamer,deap,valence,shared14_eegnet_trial
deap_subject_s22.dat,1,0.5277777777777778,dreamer,deap,valence,shared14_eegnet_trial
deap_subject_s23.dat,1,0.5,dreamer,deap,valence,shared14_eegnet_trial
deap_subject_s24.dat,1,0.5,dreamer,deap,valence,shared14_eegnet_trial
deap_subject_s25.dat,1,0.5,dreamer,deap,valence,shared14_eegnet_trial
deap_subject_s26.dat,1,0.521978021978022,dreamer,deap,valence,shared14_eegnet_trial
deap_subject_s27.dat,1,0.5,dreamer,deap,valence,shared14_eegnet_trial
deap_subject_s28.dat,1,0.5,dreamer,deap,valence,shared14_eegnet_trial
deap_subject_s29.dat,1,0.5,dreamer,deap,valence,shared14_eegnet_trial
deap_subject_s30.dat,1,0.5,dreamer,deap,valence,shared14_eegnet_trial
deap_subject_s31.dat,1,0.6649616368286444,dreamer,deap,valence,shared14_eegnet_trial
deap_subject_s32.dat,1,0.5,dreamer,deap,valence,shared14_eegnet_trial
deap_subject_s01.dat,2,0.5,dreamer,deap,valence,shared14_eegnet_trial
deap_subject_s02.dat,2,0.5,dreamer,deap,valence,shared14_eegnet_trial
deap_subject_s03.dat,2,0.5,dreamer,deap,valence,shared14_eegnet_trial
deap_subject_s04.dat,2,0.5,dreamer,deap,valence,shared14_eegnet_trial
deap_subject_s05.dat,2,0.5,dreamer,deap,valence,shared14_eegnet_trial
deap_subject_s06.dat,2,0.5,dreamer,deap,valence,shared14_eegnet_trial
deap_subject_s07.dat,2,0.5,dreamer,deap,valence,shared14_eegnet_trial
deap_subject_s08.dat,2,0.5,dreamer,deap,valence,shared14_eegnet_trial
deap_subject_s09.dat,2,0.5,dreamer,deap,valence,shared14_eegnet_trial
deap_subject_s10.dat,2,0.5,dreamer,deap,valence,shared14_eegnet_trial
deap_subject_s11.dat,2,0.5,dreamer,deap,valence,shared14_eegnet_trial
deap_subject_s12.dat,2,0.3333333333333333,dreamer,deap,valence,shared14_eegnet_trial
deap_subject_s13.dat,2,0.5,dreamer,deap,valence,shared14_eegnet_trial
deap_subject_s14.dat,2,0.5,dreamer,deap,valence,shared14_eegnet_trial
deap_subject_s15.dat,2,0.6,dreamer,deap,valence,shared14_eegnet_trial
deap_subject_s16.dat,2,0.5,dreamer,deap,valence,shared14_eegnet_trial
deap_subject_s17.dat,2,0.5,dreamer,deap,valence,shared14_eegnet_trial
deap_subject_s18.dat,2,0.5,dreamer,deap,valence,shared14_eegnet_trial
deap_subject_s19.dat,2,0.5,dreamer,deap,valence,shared14_eegnet_trial
deap_subject_s20.dat,2,0.5,dreamer,deap,valence,shared14_eegnet_trial
deap_subject_s21.dat,2,0.5,dreamer,deap,valence,shared14_eegnet_trial
deap_subject_s22.dat,2,0.5555555555555556,dreamer,deap,valence,shared14_eegnet_trial
deap_subject_s23.dat,2,0.5357142857142857,dreamer,deap,valence,shared14_eegnet_trial
deap_subject_s24.dat,2,0.5,dreamer,deap,valence,shared14_eegnet_trial
deap_subject_s25.dat,2,0.5,dreamer,deap,valence,shared14_eegnet_trial
deap_subject_s26.dat,2,0.6565934065934066,dreamer,deap,valence,shared14_eegnet_trial
deap_subject_s27.dat,2,0.5,dreamer,deap,valence,shared14_eegnet_trial
deap_subject_s28.dat,2,0.4,dreamer,deap,valence,shared14_eegnet_trial
deap_subject_s29.dat,2,0.3056265984654731,dreamer,deap,valence,shared14_eegnet_trial
deap_subject_s30.dat,2,0.5,dreamer,deap,valence,shared14_eegnet_trial
deap_subject_s31.dat,2,0.4782608695652174,dreamer,deap,valence,shared14_eegnet_trial
deap_subject_s32.dat,2,0.5,dreamer,deap,valence,shared14_eegnet_trial
deap_subject_s01.dat,3,0.5,dreamer,deap,valence,shared14_eegnet_trial
deap_subject_s02.dat,3,0.5,dreamer,deap,valence,shared14_eegnet_trial
deap_subject_s03.dat,3,0.5,dreamer,deap,valence,shared14_eegnet_trial
deap_subject_s04.dat,3,0.5,dreamer,deap,valence,shared14_eegnet_trial
deap_subject_s05.dat,3,0.5104166666666666,dreamer,deap,valence,shared14_eegnet_trial
deap_subject_s06.dat,3,0.4666666666666667,dreamer,deap,valence,shared14_eegnet_trial
deap_subject_s07.dat,3,0.5059523809523809,dreamer,deap,valence,shared14_eegnet_trial
deap_subject_s08.dat,3,0.5,dreamer,deap,valence,shared14_eegnet_trial
deap_subject_s09.dat,3,0.5,dreamer,deap,valence,shared14_eegnet_trial
deap_subject_s10.dat,3,0.525,dreamer,deap,valence,shared14_eegnet_trial
deap_subject_s11.dat,3,0.5,dreamer,deap,valence,shared14_eegnet_trial
deap_subject_s12.dat,3,0.4523809523809524,dreamer,deap,valence,shared14_eegnet_trial
deap_subject_s13.dat,3,0.5,dreamer,deap,valence,shared14_eegnet_trial
deap_subject_s14.dat,3,0.5,dreamer,deap,valence,shared14_eegnet_trial
deap_subject_s15.dat,3,0.5,dreamer,deap,valence,shared14_eegnet_trial
deap_subject_s16.dat,3,0.5,dreamer,deap,valence,shared14_eegnet_trial
deap_subject_s17.dat,3,0.4772727272727273,dreamer,deap,valence,shared14_eegnet_trial
deap_subject_s18.dat,3,0.5,dreamer,deap,valence,shared14_eegnet_trial
deap_subject_s19.dat,3,0.5217391304347826,dreamer,deap,valence,shared14_eegnet_trial
deap_subject_s20.dat,3,0.5,dreamer,deap,valence,shared14_eegnet_trial
deap_subject_s21.dat,3,0.5902255639097744,dreamer,deap,valence,shared14_eegnet_trial
deap_subject_s22.dat,3,0.5,dreamer,deap,valence,shared14_eegnet_trial
deap_subject_s23.dat,3,0.5,dreamer,deap,valence,shared14_eegnet_trial
deap_subject_s24.dat,3,0.51010101010101,dreamer,deap,valence,shared14_eegnet_trial
deap_subject_s25.dat,3,0.4974937343358395,dreamer,deap,valence,shared14_eegnet_trial
deap_subject_s26.dat,3,0.5192307692307693,dreamer,deap,valence,shared14_eegnet_trial
deap_subject_s27.dat,3,0.5,dreamer,deap,valence,shared14_eegnet_trial
deap_subject_s28.dat,3,0.52,dreamer,deap,valence,shared14_eegnet_trial
deap_subject_s29.dat,3,0.5153452685421994,dreamer,deap,valence,shared14_eegnet_trial
deap_subject_s30.dat,3,0.5,dreamer,deap,valence,shared14_eegnet_trial
deap_subject_s31.dat,3,0.5,dreamer,deap,valence,shared14_eegnet_trial
deap_subject_s32.dat,3,0.5,dreamer,deap,valence,shared14_eegnet_trial
deap_subject_s01.dat,4,0.5,dreamer,deap,valence,shared14_eegnet_trial
deap_subject_s02.dat,4,0.5454545454545454,dreamer,deap,valence,shared14_eegnet_trial
deap_subject_s03.dat,4,0.4318181818181818,dreamer,deap,valence,shared14_eegnet_trial
deap_subject_s04.dat,4,0.5520833333333333,dreamer,deap,valence,shared14_eegnet_trial
deap_subject_s05.dat,4,0.5,dreamer,deap,valence,shared14_eegnet_trial
deap_subject_s06.dat,4,0.5,dreamer,deap,valence,shared14_eegnet_trial
deap_subject_s07.dat,4,0.5476190476190477,dreamer,deap,valence,shared14_eegnet_trial
deap_subject_s08.dat,4,0.5,dreamer,deap,valence,shared14_eegnet_trial
deap_subject_s09.dat,4,0.5,dreamer,deap,valence,shared14_eegnet_trial
deap_subject_s10.dat,4,0.5,dreamer,deap,valence,shared14_eegnet_trial
deap_subject_s11.dat,4,0.5,dreamer,deap,valence,shared14_eegnet_trial
deap_subject_s12.dat,4,0.5,dreamer,deap,valence,shared14_eegnet_trial
deap_subject_s13.dat,4,0.5,dreamer,deap,valence,shared14_eegnet_trial
deap_subject_s14.dat,4,0.5,dreamer,deap,valence,shared14_eegnet_trial
deap_subject_s15.dat,4,0.625,dreamer,deap,valence,shared14_eegnet_trial
deap_subject_s16.dat,4,0.5,dreamer,deap,valence,shared14_eegnet_trial
deap_subject_s17.dat,4,0.4696969696969696,dreamer,deap,valence,shared14_eegnet_trial
deap_subject_s18.dat,4,0.4791666666666667,dreamer,deap,valence,shared14_eegnet_trial
deap_subject_s19.dat,4,0.5294117647058824,dreamer,deap,valence,shared14_eegnet_trial
deap_subject_s20.dat,4,0.5,dreamer,deap,valence,shared14_eegnet_trial
deap_subject_s21.dat,4,0.5,dreamer,deap,valence,shared14_eegnet_trial
deap_subject_s22.dat,4,0.5606060606060607,dreamer,deap,valence,shared14_eegnet_trial
deap_subject_s23.dat,4,0.5,dreamer,deap,valence,shared14_eegnet_trial
deap_subject_s24.dat,4,0.5,dreamer,deap,valence,shared14_eegnet_trial
deap_subject_s25.dat,4,0.5914786967418546,dreamer,deap,valence,shared14_eegnet_trial
deap_subject_s26.dat,4,0.5,dreamer,deap,valence,shared14_eegnet_trial
deap_subject_s27.dat,4,0.5,dreamer,deap,valence,shared14_eegnet_trial
deap_subject_s28.dat,4,0.4666666666666667,dreamer,deap,valence,shared14_eegnet_trial
deap_subject_s29.dat,4,0.5,dreamer,deap,valence,shared14_eegnet_trial
deap_subject_s30.dat,4,0.5,dreamer,deap,valence,shared14_eegnet_trial
deap_subject_s31.dat,4,0.5,dreamer,deap,valence,shared14_eegnet_trial
deap_subject_s32.dat,4,0.5,dreamer,deap,valence,shared14_eegnet_trial
